Clikits,Color,Quantity
clikupn0049,1,
clikupn0014,1,
45481,1,
45473,1,
45472,1,
46296,1,
clikupn0136,1,
clikupn0044,1,
47912,1,
47912pat0001,1,
clikupn0115,1,
clikupn0143,1,
48107,1,
clikupn0133,1,
clikupn0123,1,
clikupn0103,1,
45486,1,
48566,1,
clikupn0141,1,
45498,1,
clikupn0061,1,
clikupn0110,1,
clikupn0130,1,
45496,1,
45497,1,
clikupn0102,1,
clikupn0083,1,
clikupn0082,1,
51462,1,
clikupn0135,1,
48794,1,
48683,1,
51285,1,
clikupn0144,1,
clikupn0145,1,
49548,1,
49247,1,
clikupn0054,1,
clikupn0040,1,
clikupn0129,1,
clikupn0071,1,
clikupn0070,1,
clikupn0094,1,
clikupn0095,1,
clikupn0120,1,
clikupn0072,1,
clikupn0006c01,1,
clikupn0006c04,1,
clikupn0006c03,1,
clikupn0006c02,1,
clikupn0066,1,
clikupn0003c01,1,
clikupn0003c02,1,
clikupn0003c03,1,
clikupn0003c04,1,
clikupn0003c05,1,
clikupn0005c01,1,
clikupn0005c02,1,
clikupn0005c03,1,
clikupn0007c01,1,
clikupn0004c01,1,
clikupn0004c02,1,
clikupn0004c03,1,
clikupn0004c04,1,
clikupn0004c06,1,
clikupn0004c05,1,
clikupn0008c01,1,
clikupn0101,1,
clikupn0138,1,
clikupn0042,1,
clikupn0055,1,
clikupn0099,1,
clikupn0036,1,
clikupn0098,1,
48356,1,
clikupn0043,1,
clikupn0046,1,
45493,1,
45493pat0001,1,
clikupn0096,1,
clikupn0096pat0001,1,
clikupn0096pat0002,1,
48345,1,
clikupn0010pr0002,1,
clikupn0010pr0001,1,
clikupn0010pr0003,1,
clikupn0010pr0005,1,
clikupn0010pr0006,1,
clikupn0010pr0004,1,
clikupn0140a,1,
clikupn0068,1,
51027,1,
clikupn0140,1,
51034,1,
clikupn0121,1,
clikupn0139,1,
clikupn0032,1,
clikupn0019a,1,
clikupn0019b,1,
clikupn0020a,1,
clikupn0020b,1,
clikupn0075a,1,
clikupn0075b,1,
clikupn0087,1,
48174,1,
clikupn0023a,1,
clikupn0074a,1,
clikupn0074b,1,
clikupn0085,1,
clikupn0073,1,
clikupn0026pr0002,1,
clikupn0026pr0001,1,
clikupn0025a,1,
clikupn0091,1,
clikupn0059,1,
clikupn0081,1,
clikupn0023b,1,
clikupn0025b,1,
clikupn0030a,1,
clikupn0030b,1,
48173,1,
clikupn0009a,1,
clikupn0009b,1,
clikupn0084b,1,
clikupn0035b,1,
clikupn0030c,1,
clikupn0009c,1,
clikupn0084a,1,
clikupn0035a,1,
clikupn0080,1,
clikupn0015,1,
clikupn0077,1,
clikupn0076a,1,
clikupn0076b,1,
clikupn0127,1,
clikupn0126,1,
clikupn0089,1,
clikupn0017a,1,
clikupn0017c,1,
clikupn0017b,1,
clikupn0017d,1,
clikupn0016a,1,
clikupn0016b,1,
clikupn0016c,1,
clikupn0086b,1,
clikupn0086a,1,
clikupn0022b,1,
clikupn0022d,1,
clikupn0022a,1,
clikupn0022e,1,
clikupn0022c,1,
48175,1,
clikupn0024a,1,
clikupn0024c,1,
clikupn0024d,1,
clikupn0024b,1,
clikupn0013a,1,
clikupn0013b,1,
clikupn0013c,1,
clikupn0018pat0002,1,
clikupn0018pat0003,1,
clikupn0018pat0004,1,
clikupn0018pat0001,1,
clikupn0117,1,
51676,1,
51677pr0004,1,
51677pr0001,1,
51677pr0002,1,
51677pr0003,1,
53662,1,
46281pr0001,1,
46281c01,1,
45457,1,
45455,1,
45455c01,1,
45455pr0001,1,
46281,1,
45455c02,1,
53658,1,
53657,1,
53657pr0001,1,
53657pr0002,1,
45458,1,
46283,1,
45456,1,
46282,1,
46280,1,
45453,1,
45453c02,1,
45453c01,1,
46279,1,
46279c03,1,
46279c01,1,
46279c02,1,
48343,1,
53660,1,
45451,1,
45449,1,
45449pr0011,1,
45449pr0007,1,
45449pr0008,1,
45449pr0009,1,
45449pr0002,1,
45449pr0003,1,
45449pr0010,1,
45449pr0004,1,
45449pr0001,1,
45449pr0006,1,
45449pr0005,1,
45452,1,
45450,1,
45450pr0002,1,
46277,1,
46277pr0001,1,
48354pr0001,1,
48349,1,
51036,1,
51036pr0001,1,
51036pr0002,1,
51035,1,
51035pr0001,1,
51035pr0002,1,
51035pr0003,1,
51035pr0004,1,
clikupn0063,1,
clikupn0063pr0003,1,
clikupn0063pr0004,1,
clikupn0063pr0005,1,
clikupn0063pr0006,1,
clikupn0063pr0002,1,
clikupn0063pr0001,1,
45475,1,
45475pr0001,1,
45475pr0002,1,
51509b,1,
51509a,1,
clikupn0090,1,
45474,1,
51674,1,
51675,1,
51675pr0002,1,
51675pr0001,1,
45466,1,
45466pr0004,1,
45466pr0001,1,
45466pr0005,1,
45466pr0003,1,
45466pr0002,1,
45467,1,
46288,1,
45467pr0001,1,
45467pr0002,1,
45467pr0003,1,
45467pr0004,1,
45467pr0005,1,
45467pr0006,1,
45467pr0007,1,
45467pr0008,1,
45467pr0009,1,
45467pr0010,1,
45467pr0011,1,
45467pr0012,1,
45467pr0013,1,
45467pr0014,1,
45467pr0015,1,
45467pr0031,1,
45467pr0016,1,
45467pr0017,1,
45467pr0018,1,
45467pr0019,1,
45467pr0020,1,
45467pr0021,1,
45467pr0028,1,
45467pr0022,1,
45467pr0023,1,
45467pr0024,1,
45467pr0025,1,
45467pr0026,1,
45467pr0029,1,
45467pr0030,1,
45467pr0027,1,
45469a,1,
45469b,1,
45464,1,
45462,1,
45462pr0006,1,
45462pr0001,1,
45462pr0005,1,
45462pr0004,1,
45462pr0002,1,
45462pr0003,1,
45463,1,
45463pr0001,1,
45463pr0002,1,
45463pr0003,1,
46285,1,
46285pr0002,1,
46285pr0001,1,
46286,1,
48346,1,
46618,1,
clikupn0002pr0007,1,
clikupn0002pr0015,1,
clikupn0002pr0006,1,
clikupn0002pr0004,1,
clikupn0002pr0002,1,
clikupn0002pr0008,1,
clikupn0002pr0009,1,
clikupn0002pr0005,1,
clikupn0002pr0010,1,
clikupn0002pr0014,1,
clikupn0002pr0003,1,
clikupn0002pr0012,1,
clikupn0002pr0001,1,
clikupn0002pr0011,1,
46618pat0001,1,
clikupn0001c01,1,
clikupn0067,1,
clikupn0001pr0012,1,
clikupn0001pr0004,1,
clikupn0001pr0007,1,
clikupn0001pr0022,1,
clikupn0001pr0025,1,
clikupn0001pr0011,1,
clikupn0001pr0006,1,
clikupn0001pr0021,1,
clikupn0001pr0005,1,
clikupn0001pr0019,1,
clikupn0001pr0013,1,
clikupn0001pr0020,1,
clikupn0001pr0024,1,
clikupn0001pr0009,1,
clikupn0001pr0010,1,
clikupn0001pr0014,1,
clikupn0001pr0016,1,
clikupn0001pr0001,1,
clikupn0001pr0003,1,
clikupn0001pr0018,1,
clikupn0001pr0002,1,
clikupn0031,1,
clikupn0001pr0017,1,
clikupn0001pr0015,1,
clikupn0001pr0023,1,
clikupn0047,1,
clikupn0048,1,
clikupn0047pat0001,1,
clikupn0057pr0001,1,
clikupn0062pr0001,1,
clikupn0056,1,
clikupn0058pr0002,1,
clikupn0058pr0001,1,
clikupn0039,1,
clikupn0131,1,
clikupn0137,1,
clikupn0041,1,
clikupn0052,1,
clikupn0134,1,
48200,1,
clikupn0132,1,
clikupn0037,1,
clikupn0021pr0001,1,
clikupn0021pr0002,1,
clikupn0045pr0002,1,
clikupn0045pr0001,1,
clikupn0045pr0003,1,
clikupn0079,1,
clikupn0079b,1,
clikupn0012pr0002,1,
clikupn0012pr0003,1,
clikupn0012pr0004,1,
clikupn0012pr0001,1,
clikupn0011pr0002,1,
clikupn0011pr0003,1,
clikupn0011pr0001,1,
clikupn0038,1,
clikupn0050pr0004,1,
clikupn0050pr0003,1,
clikupn0050pr0002,1,
clikupn0050,1,
clikupn0050pr0001,1,
clikupn0060,1,
clikupn0051,1,
clikupn0122,1,
clikupn0118,1,
clikupn0034,1,
clikupn0033,1,
clikupn0097,1,
clikupn0114,1,
clikupn0142,1,
clikupn0092,1,
clikupn0107,1,
clikupn0111,1,
45499,1,
51686,1,
clikupn0116,1,
48176,1,
48176pat0001,1,
clikupn0124,1,
clikupn0053,1,
clikupn0069,1,
clikupn0119,1,
clikupn0125,1,
clikupn0088,1,
