HO Scale,Color,Quantity
722,1,
721,1,
723a,1,
723,1,
upn0217,1,
upn0185,1,
upn0120,1,
271pr0003,1,
271pr0004,1,
271pr0005,1,
271pr0006,1,
271pr0001,1,
271pr0002,1,
252pr0001,1,
251pr0001,1,
251pr0002,1,
250pr0002,1,
250pr0001,1,
255pr0001,1,
255pr0002,1,
253pr0001,1,
253pr0002,1,
254pr0001,1,
257pr0003,1,
257pr0004,1,
257pr0002,1,
257pr0001,1,
256pr0001,1,
256pr0002,1,
270pr0001,1,
270pr0005,1,
603pr0001,1,
605pr0001,1,
268pr0001,1,
263pr0001,1,
670pr0001,1,
266pr0003,1,
664pr0001,1,
652pr0001,1,
upn0423,1,
651pr0001,1,
upn0422,1,
655pr0001,1,
653pr0001,1,
653pr0002,1,
657pr0005,1,
657pr0006,1,
657pr0002,1,
657pr0001,1,
657pr0004,1,
657pr0003,1,
657pr0007,1,
649pr0002HO,1,
649pr0001HO,1,
656pr0001,1,
upn0421c01,1,
upn0421c02,1,
601pr0001,1,
270pr0006,1,
270pr0007,1,
662pr0001,1,
270pr0008,1,
667pr0001,1,
260pr0001,1,
HO607pr0001,1,
HO607pr0002,1,
HO607pr0003,1,
HO607pr0004,1,
259pr0004,1,
259pr0006,1,
259pr0001,1,
259pr0002,1,
259pr0003,1,
258pr0001,1,
258pr0014,1,
258pr0003,1,
258pr0002,1,
258pr0004,1,
258pr0005,1,
258pr0006,1,
258pr0009,1,
258pr0015,1,
258pr0010,1,
258pr0011,1,
258pr0012,1,
258pr0013,1,
671pr0001,1,
650pr0001,1,
661pr0001,1,
265pr0001,1,
266pr0001,1,
266pr0002,1,
