Modulex,Color,Quantity
mxupn0002,1,
mxupn0004,1,
7000,1,
mxupn0005,1,
1536,1,
1535,1,
1111L,1,
1111M,1,
2314,1,
2315,1,
1110M,1,
1121L,1,
1121M,1,
1131L,1,
2341Mx,1,
1141L,1,
1141M,1,
2351Mx,1,
1151M,1,
2361Mx,1,
2371,1,
2710L,1,
1122L,1,
1122M,1,
1140Ma,1,
1140Mb,1,
1132L,1,
1132M,1,
1142L,1,
1142M,1,
1152M,1,
2403A,1,
2401A,1,
2406A,1,
2402B,1,
2401B,1,
2403B,1,
2406B,1,
2403C,1,
2401C,1,
1548,1,
1558L,1,
1558M,1,
1548pr0003,1,
1548pr0002,1,
1548pr0001,1,
1380C,1,
1380B,1,
1380A,1,
1383,1,
1384,1,
1377,1,
1376Mx,1,
1375,1,
1386,1,
1374,1,
1372,1,
1694M,1,
1616M,1,
1511,1,
1521,1,
1561A,1,
1531,1,
1561B,1,
1011Bpr0025,1,
1011Cpr0030,1,
1011Cpr0031,1,
1011Cpr0032,1,
1011Cpr0033,1,
1011Cpr0034,1,
1011Cpr0035,1,
1011Cpr0036,1,
1011Cpr0037,1,
1011Cpr0040,1,
1011Cpr0001,1,
1011Cpr0002,1,
1011Bpr0036,1,
1011Bpr0001,1,
1011Apr0031,1,
1011Bpr0002,1,
1011Apr0032,1,
1011Bpr0003,1,
1011Apr0033,1,
1011Bpr0004,1,
1011Apr0034,1,
1011Bpr0005,1,
1011Bpr0006,1,
1011Apr0036,1,
1011Bpr0007,1,
1011Apr0037,1,
1011Bpr0008,1,
1011Apr0038,1,
1011Bpr0009,1,
1011Bpr0037,1,
1011Bpr0010,1,
1011Apr0002,1,
1011Bpr0011,1,
1011Bpr0012,1,
1011Bpr0013,1,
1011Apr0005,1,
1011Bpr0014,1,
1011Apr0006,1,
1011Bpr0015,1,
1011Apr0007,1,
1011Bpr0016,1,
1011Apr0008,1,
1011Bpr0017,1,
1011Bpr0018,1,
1011Apr0010,1,
1011Bpr0019,1,
1011Apr0011,1,
1011Apr0012,1,
1011Bpr0021,1,
1011Apr0013,1,
1011Bpr0022,1,
1011Apr0014,1,
1011Bpr0023,1,
1011Bpr0024,1,
1011Apr0016,1,
1011Apr0017,1,
1011Bpr0026,1,
1011Apr0018,1,
1011Bpr0027,1,
1011Apr0019,1,
1011Bpr0028,1,
1011Apr0020,1,
1011Bpr0029,1,
1011Apr0021,1,
1011Bpr0030,1,
1011Bpr0031,1,
1011Apr0023,1,
1011Apr0024,1,
1011Bpr0033,1,
1011Apr0025,1,
1011Bpr0034,1,
1011Apr0026,1,
1011Apr0027,1,
1011Apr0028,1,
1011Apr0029,1,
1011Apr0039,1,
1011Bpr0035,1,
1011Apr0106,1,
1011Apr0110,1,
1011Apr0109,1,
1011Apr0107,1,
1011Apr0108,1,
1011Apr0105,1,
1011Apr0111,1,
1011Apr0112,1,
1011Apr0124,1,
1011Apr0113,1,
1011Apr0114,1,
1011Cpr0003,1,
1011Cpr0004,1,
1011Apr0115,1,
1011Cpr0005,1,
1011Cpr0006,1,
1011Cpr0007,1,
1011Apr0116,1,
1011Apr0117,1,
1011Cpr0008,1,
1011Cpr0010,1,
1011Cpr0011,1,
1011Cpr0012,1,
1011Cpr0013,1,
1011Cpr0014,1,
1011A,1,
1011Cpr0015,1,
1011Apr0118,1,
1011Cpr0017,1,
1011Apr0051,1,
1011Apr0052,1,
1011Apr0053,1,
1011Apr0054,1,
1011Apr0056,1,
1011Apr0057,1,
1011Apr0058,1,
1011Apr0059,1,
1011Apr0119,1,
1011Cpr0019,1,
1011D,1,
1011Cpr0020,1,
1011Apr0070,1,
1011Apr0071,1,
1011Apr0072,1,
1011Apr0073,1,
1011Apr0074,1,
1011Apr0075,1,
1011Apr0076,1,
1011Apr0077,1,
1011Apr0078,1,
1011Apr0079,1,
1011Apr0080,1,
1011Apr0081,1,
1011Apr0082,1,
1011Apr0084,1,
1011Apr0085,1,
1011Apr0086,1,
1011Apr0087,1,
1011Apr0088,1,
1011Apr0089,1,
1011Apr0090,1,
1011Apr0091,1,
1011Apr0092,1,
1011Apr0093,1,
1011Apr0094,1,
1011Apr0095,1,
1011Apr0096,1,
1011Apr0098,1,
1011Apr0099,1,
1011Apr0100,1,
1011Apr0101,1,
1011Apr0102,1,
1011Apr0103,1,
1011Apr0104,1,
1011Apr0069,1,
1011Apr0041,1,
1011Apr0042,1,
1011Apr0121,1,
1011Apr0044,1,
1011Apr0045,1,
1011Apr0046,1,
1011Apr0047,1,
1011Apr0048,1,
1011Apr0049,1,
1011Apr0050,1,
1011Cpr0021,1,
1011Cpr0022,1,
1011Apr0060,1,
1011Apr0062,1,
1011Apr0063,1,
1011Apr0064,1,
1011Apr0065,1,
1011Apr0066,1,
1011Apr0067,1,
1011Apr0068,1,
1011Cpr0023,1,
1011Cpr0024,1,
1011Cpr0025,1,
1011Cpr0028,1,
1011Cpr0027,1,
1011Cpr0029,1,
1021Apr0129,1,
1021Apr0030,1,
1021Apr0038,1,
1021Apr0039,1,
1021Apr0040,1,
1021Apr0041,1,
1021Apr0042,1,
1021Apr0043,1,
1021Apr0060,1,
1021Apr0044,1,
1021Apr0045,1,
1021Apr0046,1,
1021Apr0047,1,
1021Apr0031,1,
1021Apr0023,1,
1021Apr0048,1,
1021Apr0049,1,
1021Apr0050,1,
1021Apr0051,1,
1021Apr0052,1,
1021Apr0053,1,
1021Apr0054,1,
1021Apr0055,1,
1021Apr0056,1,
1021Apr0024,1,
1021Apr0058,1,
1021Apr0059,1,
1021Apr0033,1,
1021Apr0025,1,
1021Apr0061,1,
1021Apr0026,1,
1021Apr0036,1,
1021Apr0028,1,
1021Apr0029,1,
1021Apr0163,1,
1021Apr0180,1,
1021Apr0132,1,
1021Apr0133,1,
1021Apr0134,1,
1021Apr0135,1,
1021Apr0137,1,
1021Apr0138,1,
1021Apr0139,1,
1021Apr0140,1,
1021Apr0154,1,
1021Apr0156,1,
1021Apr0141,1,
1021Apr0158,1,
1021Apr0142,1,
1021Apr0143,1,
1021Apr0144,1,
1021Apr0146,1,
1021Apr0147,1,
1021Apr0148,1,
1021Apr0159,1,
1021Apr0149,1,
1021Apr0151,1,
1021Apr0152,1,
1021Apr0160,1,
1021Apr0153,1,
1021Apr0161,1,
1021Apr0131,1,
1021Apr0179,1,
1021Apr0185,1,
1021Apr0186,1,
1021Apr0170,1,
1021Apr0182,1,
1021Apr0183,1,
1021Apr0184,1,
1021Apr0171,1,
1021Apr0172,1,
1021Apr0173,1,
1021Apr0098,1,
1021Apr0099,1,
1021Apr0100,1,
1021Apr0178,1,
1021Apr0174,1,
1021Apr0175,1,
1021B,1,
1021Bpr0001,1,
1021Apr0176,1,
1021Apr0013,1,
1021Apr0014,1,
1021Apr0015,1,
1021Apr0016,1,
1021Apr0017,1,
1021Apr0018,1,
1021Apr0019,1,
1021Apr0169,1,
1021Apr0062,1,
1021Apr0063,1,
1021Apr0064,1,
1021Apr0065,1,
1021Apr0066,1,
1021Apr0067,1,
1021Apr0069,1,
1021Apr0070,1,
1021Apr0071,1,
1021Apr0072,1,
1021Apr0073,1,
1021Apr0074,1,
1021Apr0075,1,
1021Apr0076,1,
1021Apr0077,1,
1021Apr0078,1,
1021Apr0079,1,
1021Apr0080,1,
1021Apr0081,1,
1021Apr0082,1,
1021Apr0083,1,
1021Apr0084,1,
1021Apr0085,1,
1021Apr0086,1,
1021Apr0088,1,
1021Apr0090,1,
1021Apr0091,1,
1021Apr0092,1,
1021Apr0093,1,
1021Apr0094,1,
1021Apr0095,1,
1021Apr0096,1,
1021Apr0097,1,
1021Apr0101,1,
1021Apr0102,1,
1021Apr0103,1,
1021Apr0104,1,
1021Apr0105,1,
1021Apr0106,1,
1021Apr0107,1,
1021Apr0109,1,
1021Apr0110,1,
1021Apr0011,1,
1021Apr0007,1,
1021Apr0009,1,
1021Apr0008,1,
1021Apr0127,1,
1021Apr0116,1,
1021Apr0117,1,
1021Apr0118,1,
1021Apr0119,1,
1021Apr0120,1,
1021Apr0112,1,
1021Apr0121,1,
1021Apr0122,1,
1021Apr0123,1,
1021Apr0124,1,
1021Apr0125,1,
1021Apr0128,1,
1021Apr0113,1,
1021Apr0114,1,
1021Apr0115,1,
1021Apr0010,1,
1021Apr0162,1,
1021Apr0164,1,
1021Apr0006,1,
1021Apr0165,1,
1021Apr0166,1,
1021Apr0168,1,
1021Apr0001,1,
1021Apr0002,1,
1021Apr0004,1,
1021Apr0005,1,
1021Apr0177,1,
1021A,1,
1031B,1,
1031Apr0001,1,
1031A,1,
1041Apr0006,1,
1041Apr0010,1,
1041Apr0014,1,
1041Apr0004,1,
1041Apr0003,1,
1041Apr0009,1,
1041Apr0008,1,
1041Apr0007,1,
1041Apr0005,1,
1041Apr0013,1,
1041Apr0012,1,
1041Apr0011,1,
1041Apr0001,1,
1041C,1,
1041A,1,
1051Apr0001,1,
1051Apr0002,1,
1051Apr0010,1,
1051Apr0005,1,
1051Apr0004,1,
1051Apr0009,1,
1051Apr0008,1,
1051Apr0007,1,
1051Apr0006,1,
1051Apr0011,1,
1051Apr0012,1,
1051Apr0013,1,
1051Apr0015,1,
1051Apr0016,1,
1051Apr0017,1,
1051Apr0018,1,
1051Apr0003,1,
1051Apr0019,1,
1012pr0002,1,
1012pr0004,1,
1012pr0005,1,
1012pr0003,1,
1012pr0001,1,
1022Bpr0039,1,
1022Dpr0037,1,
1022Dpr0001,1,
1022Cpr0001,1,
1022Bpr0001,1,
1022Apr0001,1,
1022Dpr0002,1,
1022Cpr0002,1,
1022Bpr0002,1,
1022Apr0002,1,
1022Dpr0003,1,
1022Cpr0003,1,
1022Bpr0003,1,
1022Apr0003,1,
1022Cpr0004,1,
1022Bpr0004,1,
1022Apr0004,1,
1022Dpr0005,1,
1022Cpr0005,1,
1022Apr0005,1,
1022Cpr0006,1,
1022Bpr0006,1,
1022Apr0006,1,
1022Dpr0007,1,
1022Cpr0007,1,
1022Bpr0007,1,
1022Apr0007,1,
1022Dpr0008,1,
1022Cpr0008,1,
1022Bpr0008,1,
1022Dpr0009,1,
1022Cpr0009,1,
1022Bpr0009,1,
1022Dpr0038,1,
1022Dpr0039,1,
1022Dpr0010,1,
1022Apr0010,1,
1022Dpr0011,1,
1022Cpr0011,1,
1022Bpr0011,1,
1022Apr0011,1,
1022Dpr0012,1,
1022Cpr0012,1,
1022Bpr0012,1,
1022Apr0012,1,
1022Dpr0013,1,
1022Cpr0013,1,
1022Bpr0013,1,
1022Apr0013,1,
1022Dpr0014,1,
1022Cpr0014,1,
1022Bpr0014,1,
1022Apr0014,1,
1022Cpr0015,1,
1022Bpr0015,1,
1022Apr0015,1,
1022Dpr0016,1,
1022Cpr0016,1,
1022Bpr0016,1,
1022Apr0016,1,
1022Dpr0017,1,
1022Cpr0017,1,
1022Bpr0017,1,
1022Apr0017,1,
1022Dpr0018,1,
1022Cpr0018,1,
1022Bpr0018,1,
1022Apr0018,1,
1022Dpr0019,1,
1022Cpr0019,1,
1022Bpr0019,1,
1022Apr0019,1,
1022Dpr0020,1,
1022Cpr0020,1,
1022Bpr0020,1,
1022Apr0020,1,
1022Dpr0021,1,
1022Cpr0021,1,
1022Bpr0021,1,
1022Apr0021,1,
1022Dpr0022,1,
1022Cpr0022,1,
1022Bpr0022,1,
1022Apr0022,1,
1022Dpr0023,1,
1022Cpr0023,1,
1022Bpr0023,1,
1022Apr0023,1,
1022Dpr0024,1,
1022Cpr0024,1,
1022Bpr0024,1,
1022Apr0024,1,
1032Bpr0001,1,
1022Apr0169,1,
1022Dpr0025,1,
1022Cpr0025,1,
1022Apr0025,1,
1022Cpr0026,1,
1022Bpr0026,1,
1022Apr0026,1,
1022Bpr0027,1,
1022Dpr0028,1,
1022Cpr0028,1,
1022Bpr0028,1,
1022Apr0028,1,
1022Dpr0029,1,
1022Cpr0029,1,
1022Bpr0029,1,
1022Apr0029,1,
1022Dpr0030,1,
1022Cpr0030,1,
1022Bpr0030,1,
1022Cpr0031,1,
1022Bpr0031,1,
1022Apr0031,1,
1032Bpr0002,1,
1022Apr0168,1,
1022Dpr0032,1,
1022Cpr0032,1,
1022Bpr0032,1,
1022Apr0032,1,
1022Dpr0033,1,
1022Cpr0033,1,
1022Bpr0033,1,
1022Apr0033,1,
1022Dpr0034,1,
1022Cpr0034,1,
1022Bpr0034,1,
1022Apr0034,1,
1022Dpr0035,1,
1022Cpr0036,1,
1022Bpr0036,1,
1022Apr0035,1,
1022Cpr0037,1,
1022Bpr0037,1,
1022Dpr0040,1,
1022Apr0008,1,
1022Apr0009,1,
1022Cpr0043,1,
1022Bpr0040,1,
1022Apr0041,1,
1022Cpr0040,1,
1022Cpr0039,1,
1022Cpr0042,1,
1022Apr0036,1,
1022Cpr0041,1,
1022Apr0038,1,
1022Apr0039,1,
1022Cpr0038,1,
1022Bpr0041,1,
1022Apr0040,1,
1022Apr0111,1,
1022Apr0121,1,
1022Apr0123,1,
1022Apr0124,1,
1022Apr0125,1,
1022Apr0126,1,
1022Apr0127,1,
1022Apr0128,1,
1022Apr0129,1,
1022Apr0112,1,
1022Apr0130,1,
1022Apr0131,1,
1022Apr0132,1,
1022Apr0134,1,
1022Apr0135,1,
1022Apr0136,1,
1022Apr0137,1,
1022Apr0138,1,
1022Apr0139,1,
1022Apr0142,1,
1022Apr0143,1,
1022Apr0144,1,
1022Apr0145,1,
1022Apr0146,1,
1022Apr0147,1,
1022Apr0148,1,
1022Apr0149,1,
1022Apr0114,1,
1022Apr0150,1,
1022Apr0151,1,
1022Apr0152,1,
1022Apr0153,1,
1022Apr0154,1,
1022Apr0157,1,
1022Apr0158,1,
1022Apr0159,1,
1022Apr0115,1,
1022Apr0160,1,
1022Apr0161,1,
1022Apr0162,1,
1022Apr0163,1,
1022Apr0116,1,
1022Apr0117,1,
1022Apr0118,1,
1022Apr0164,1,
1022Apr0102,1,
1022Apr0103,1,
1022Apr0104,1,
1022Apr0105,1,
1022Apr0106,1,
1022Apr0107,1,
1022Apr0109,1,
1022Apr0110,1,
1022Apr0165,1,
1022Apr0166,1,
1022Apr0042,1,
1022Apr0043,1,
1022Apr0051,1,
1022Apr0052,1,
1022Apr0053,1,
1022Apr0054,1,
1022Apr0055,1,
1022Apr0056,1,
1022Apr0057,1,
1022Apr0058,1,
1022Apr0059,1,
1022Apr0060,1,
1022Apr0061,1,
1022Apr0062,1,
1022Apr0063,1,
1022Apr0064,1,
1022Apr0065,1,
1022Apr0067,1,
1022Apr0068,1,
1022Apr0069,1,
1022Apr0070,1,
1022Apr0045,1,
1022Apr0071,1,
1022Apr0073,1,
1022Apr0074,1,
1022Apr0075,1,
1022Apr0076,1,
1022Apr0077,1,
1022Apr0078,1,
1022Apr0079,1,
1022Apr0080,1,
1022Apr0046,1,
1022Apr0081,1,
1022Apr0082,1,
1022Apr0083,1,
1022Apr0084,1,
1022Apr0085,1,
1022Apr0086,1,
1022Apr0087,1,
1022Apr0088,1,
1022Apr0089,1,
1022Apr0047,1,
1022Apr0091,1,
1022Apr0092,1,
1022Apr0093,1,
1022Apr0094,1,
1022Apr0095,1,
1022Apr0096,1,
1022Apr0097,1,
1022Apr0098,1,
1022Apr0099,1,
1022Apr0100,1,
1022Apr0048,1,
1022Apr0101,1,
1022Apr0049,1,
1022Apr0050,1,
1022Apr0225,1,
1022Apr0170,1,
1022Apr0171,1,
1022Apr0172,1,
1022Apr0173,1,
1022Apr0175,1,
1022Apr0176,1,
1022Apr0177,1,
1022Apr0178,1,
1022Apr0179,1,
1022Apr0181,1,
1022Apr0183,1,
1022Apr0185,1,
1022Apr0187,1,
1022Apr0189,1,
1022Apr0190,1,
1022Apr0192,1,
1022Apr0194,1,
1022Apr0195,1,
1022Apr0197,1,
1022Apr0198,1,
1022Apr0200,1,
1022Apr0202,1,
1022Apr0204,1,
1022Apr0206,1,
1022Apr0208,1,
1022Apr0209,1,
1022Apr0211,1,
1022Apr0212,1,
1022Apr0214,1,
1022Apr0218,1,
1022Apr0220,1,
1022Apr0222,1,
1022Apr0224,1,
1022Apr0180,1,
1022Apr0182,1,
1022Apr0184,1,
1022Apr0186,1,
1022Apr0188,1,
1022Apr0191,1,
1022Apr0193,1,
1022Apr0196,1,
1022Apr0199,1,
1022Apr0201,1,
1022Apr0205,1,
1022Apr0207,1,
1022Apr0210,1,
1022Apr0213,1,
1022Apr0215,1,
1022Apr0217,1,
1022Apr0219,1,
1022Apr0221,1,
1022Apr0223,1,
1022Apr0227,1,
1022Apr0229,1,
1022Apr0230,1,
1022Apr0232,1,
1022Apr0226,1,
1022Apr0228,1,
1022Apr0231,1,
1022Apr0167,1,
1022A,1,
1032B,1,
1042Apr0051,1,
1042Apr0050,1,
1042Apr0040,1,
1042Apr0044,1,
1042Apr0015,1,
1042Apr0048,1,
1042Apr0017,1,
1042Apr0038,1,
1042Apr0019,1,
1042Apr0020,1,
1042Apr0021,1,
1042Apr0037,1,
1042Apr0043,1,
1042Apr0042,1,
1042Apr0022,1,
1042Apr0023,1,
1042Apr0024,1,
1042Apr0041,1,
1042Apr0025,1,
1042Apr0047,1,
1042Apr0026,1,
1042Apr0046,1,
1042Apr0027,1,
1042Apr0030,1,
1042Apr0045,1,
1042Apr0031,1,
1042Apr0032,1,
1042Apr0033,1,
1042Apr0034,1,
1042Apr0035,1,
1042Apr0036,1,
1042Apr0009,1,
1042Apr0011,1,
1042Apr0049,1,
1042Apr0001,1,
1042Apr0002,1,
1042Apr0003,1,
1042Apr0004,1,
1042Apr0006,1,
1042Apr0007,1,
1042A,1,
1052pr0001,1,
1052pr0002,1,
1052pr0003,1,
1052,1,
1082pr0016,1,
1082pr0019,1,
1082pr0009,1,
1082pr0013,1,
1082pr0023,1,
1082pr0018,1,
1082pr0007,1,
1082pr0020,1,
1082pr0006,1,
1082pr0022,1,
1082pr0021,1,
1082pr0012,1,
1082pr0011,1,
1082pr0010,1,
1082pr0026,1,
1082pr0008,1,
1082pr0025,1,
1082pr0024,1,
1082pr0015,1,
1082pr0014,1,
1082pr0004,1,
1082pr0005,1,
1082pr0001,1,
1082pr0002,1,
1082pr0003,1,
1043Apr0062,1,
1043Apr0002,1,
1043Apr0003,1,
1043Apr0004,1,
1043Apr0005,1,
1043Apr0006,1,
1043Apr0007,1,
1043Apr0008,1,
1043Apr0009,1,
1043Apr0010,1,
1043Apr0012,1,
1043Apr0014,1,
1043Apr0016,1,
1043Apr0018,1,
1043Apr0020,1,
1043Apr0021,1,
1043Apr0023,1,
1043Apr0025,1,
1043Apr0026,1,
1043Apr0028,1,
1043Apr0029,1,
1043Apr0031,1,
1043Apr0035,1,
1043Apr0037,1,
1043Apr0038,1,
1043Apr0040,1,
1043Apr0041,1,
1043Apr0043,1,
1043Apr0044,1,
1043Apr0047,1,
1043Apr0048,1,
1043Apr0050,1,
1043Apr0011,1,
1043Apr0013,1,
1043Apr0015,1,
1043Apr0017,1,
1043Apr0022,1,
1043Apr0024,1,
1043Apr0027,1,
1043Apr0030,1,
1043Apr0032,1,
1043Apr0034,1,
1043Apr0036,1,
1043Apr0039,1,
1043Apr0042,1,
1043Apr0045,1,
1043Apr0046,1,
1043Apr0049,1,
1043Apr0054,1,
1043Apr0056,1,
1043Apr0058,1,
1043Apr0060,1,
1043Apr0061,1,
1043Apr0051,1,
1043Apr0053,1,
1043Apr0057,1,
1043Apr0059,1,
1043A,1,
1083pr0001,1,
1083pr0002,1,
1083pr0003,1,
1124,1,
1044Apr0002,1,
1044Apr0001,1,
1044Apr0006,1,
1044Apr0007,1,
1044Apr0005,1,
1044A,1,
1084pr0010,1,
1084pr0001,1,
1084pr0002,1,
1084pr0004,1,
1084pr0005,1,
1084pr0006,1,
1084pr0007,1,
1084pr0009,1,
1084pr0012,1,
1084pr0013,1,
1084pr0014,1,
1084pr0015,1,
1084pr0016,1,
1084pr0017,1,
1084pr0018,1,
1084,1,
1085pr0001,1,
1085pr0002,1,
1085pr0003,1,
1085pr0004,1,
1085pr0005,1,
1085pr0006,1,
1085pr0007,1,
1085pr0008,1,
1085pr0009,1,
1085pr0010,1,
1085pr0011,1,
1085pr0012,1,
1085pr0013,1,
1085pr0014,1,
1085pr0015,1,
1085pr0017,1,
1085pr0018,1,
1085,1,
1086pr0006,1,
1086pr0001,1,
1086pr0004,1,
1086pr0005,1,
1086pr0003,1,
1086,1,
1088,1,
1088pr0002,1,
1088pr0001,1,
1088pr0003,1,
1618,1,
1542pr0003,1,
1542pr0004,1,
1542pr0002,1,
1542pr0001,1,
1544,1,
1544pr0003,1,
1544pr0002,1,
1552pr0003,1,
1552pr0004,1,
1553pr0003,1,
1553pr0004,1,
1553pr0002,1,
1553pr0001,1,
1555pr0003,1,
1555pr0002,1,
1555pr0001,1,
1562pr0003,1,
1562pr0004,1,
1562pr0002,1,
1563pr0003,1,
1563pr0004,1,
1563pr0002,1,
1563pr0001,1,
1565pr0003,1,
1565pr0004,1,
1565pr0002,1,
1565pr0001,1,
mx1566,1,
mx1566pr0004,1,
mx1566pr0002,1,
1575pr0003,1,
1575pr0004,1,
1575pr0001,1,
Mx1576pr0004,1,
Mx1576pr0002,1,
1586pr0003,1,
1586pr0004,1,
1586pr0002,1,
1586pr0001,1,
1592,1,
1590B,1,
1590A,1,
1591L,1,
1593B,1,
1593A,1,
