Non-Buildable Figures,Color,Quantity
belfig0107pr0004,1,
belfig0107pr0001,1,
belfig0107pr0002,1,
belfig0107pr0003,1,
belfig0003c04pr0019,1,
belfig0003c04pr0016,1,
belfig0003c04pr0020,1,
belfig0003c04pr0018,1,
belfig0003c04pr0022,1,
belfig0003c04pr0021,1,
belfig0003c04pr0003,1,
belfig0003c04pr0015,1,
belfig0003c04pr0014,1,
belfig0003c04pr0008,1,
belfig0003c04pr0010,1,
belfig0003c04pr0009,1,
belfig0003c04pr0005,1,
belfig0003c04pr0007,1,
belfig0003c04pr0001,1,
belfig0003c04pr0002,1,
belfig0003c04pr0013,1,
belfig0003c04pr0006,1,
belfig0003c02pr0003,1,
belfig0003c02pr0005,1,
belfig0003c02pr0004,1,
belfig0003c02pr0002,1,
belfig0003c02pr0001,1,
belfig0003c02pr0006,1,
belfig0003c03pr0011,1,
belfig0003c03pr0010,1,
belfig0003c03pr0015,1,
belfig0003c03pr0014,1,
belfig0003c03pr0013,1,
belfig0003c03pr0016,1,
belfig0003c03pr0005,1,
belfig0003c03pr0007,1,
belfig0003c03pr0003,1,
belfig0003c03pr0008,1,
belfig0003c03pr0006,1,
belfig0003c03pr0004,1,
belfig0003c03pr0001,1,
belfig0003c03pr0002,1,
belfig0003c03pr0018,1,
belfig0003c03pr0009,1,
belfig0003c01pr0005,1,
belfig0003c01pr0002,1,
belfig0003c01pr0004,1,
belfig0003c01pr0008,1,
belfig0003c01pr0006,1,
belfig0003c01pr0007,1,
belfig0003c01pr0001,1,
belfig0003c01pr0003,1,
belfig0003c01pr0009,1,
belfig0001pr0001,1,
belfig0001pr0003,1,
belfig0001pr0002,1,
belfig0001pr0004,1,
belfig0001pr0007,1,
belfig0001pr0006,1,
belfig0001pr0005,1,
belfig0050,1,
belfig0033,1,
belfig0089,1,
belfig0036,1,
belfig0056,1,
belfig0060,1,
belfig0062,1,
belfig0073,1,
belfig0035,1,
belfig0051,1,
belfig0038,1,
belfig0039,1,
belfig0018,1,
belfig0011,1,
belfig0002c03pr0005,1,
belfig0002c03pr0009,1,
belfig0002c03pr0007,1,
belfig0002c03pr0003,1,
belfig0002c03pr0002,1,
belfig0002c03pr0011,1,
belfig0002c03pr0004,1,
belfig0002c03pr0001,1,
belfig0002c03pr0010,1,
belfig0002c03pr0008,1,
belfig0002c03pr0013,1,
belfig0002c02pr0006,1,
belfig0002c02pr0005,1,
belfig0002c02pr0003,1,
belfig0002c02pr0002,1,
belfig0002c02pr0004,1,
belfig0002c02pr0001,1,
belfig0002c01pr0002,1,
belfig0002c01pr0003,1,
belfig0002c01pr0005,1,
belfig0002c01pr0004,1,
belfig0002c01pr0001,1,
belfig0097,1,
51798,1,
51800,1,
51799,1,
51801,1,
51797,1,
clikfig0002,1,
clikfig0003,1,
clikfig0001,1,
dupfig0004pr0003,1,
dupfig0004pr0002,1,
dupfig0004pr0001,1,
dupfig0007pr0002,1,
dupfig0007pr0001,1,
dupfig0008pr0001,1,
dupfig0006pr0001,1,
dupfig0005pr0001,1,
dupfig0005pr0002,1,
dupfig0005pr0003,1,
dupfig0001pr0001,1,
dupfig0010pr0002,1,
dupfig0010pr0001,1,
dupfig0011pr0005,1,
dupfig0011pr0004,1,
dupfig0011pr0002,1,
dupfig0011pr0003,1,
dupfig0011pr0001,1,
dupfig0013pr0001,1,
dupfig0013pr0002,1,
dupfig0002pr0004,1,
dupfig0002pr0001,1,
dupfig0002pr0005,1,
dupfig0002pr0002,1,
dupfig0002pr0006,1,
dupfig0003pr0001,1,
dupfig0009pr0004,1,
dupfig0009pr0001,1,
dupfig0009pr0003,1,
dupfig0009pr0005,1,
dupfig0009pr0002,1,
dupfig0012pr0001,1,
2327c04pr0004,1,
2327c04pr0001,1,
2327c04pr0003,1,
2327c04pr0002,1,
2327c03pr0002,1,
2327c02pr0010,1,
2327c02pr0009,1,
2327c02pr0002,1,
2327c02pr0005,1,
2327c02pr0007,1,
2327c02pr0004,1,
2327c02pr0006,1,
2327c02pr0001,1,
2327c02pr0003,1,
2327c02pr0008,1,
2327c01pr0008,1,
2327c01pr0003,1,
2327c01pr0001,1,
2327c01pr0014,1,
2327c01pr0019,1,
2327c01pr0016,1,
2327c01pr0004,1,
2327c01pr0006,1,
2327c01pr0012,1,
2327c01pr0009,1,
2327c01pr0010,1,
2327c01pr0002,1,
2327c01pr0013,1,
2327c01pr0007,1,
2327c01pr0011,1,
31310c04,1,
31310c05,1,
31310c01,1,
31310c06,1,
31311c03,1,
61295c03,1,
61295c02,1,
61295c01,1,
31312pr0004,1,
31312pr0001,1,
31312pr0002,1,
31312pr0003,1,
89619,1,
85610pr0002,1,
85610pr0001,1,
16856pr0016,1,
16856pr0118,1,
16856pr0009,1,
92015,1,
dupfig0017,1,
38784w,1,
75121pr0007,1,
75121pr0011,1,
75121pr0002,1,
75121pr0016,1,
75121pr0005a,1,
75121pr0014,1,
75121pr0017,1,
75121pr0003,1,
75121pr0005,1,
75121pr0012,1,
75121pr0006,1,
75121pr0025,1,
75121pr0019,1,
75121pr0001,1,
75121pr0010,1,
75121pr0004,1,
75121pr0018,1,
75121pr0001a,1,
75121pr0015,1,
1463,1,
16855,1,
13525,1,
13538,1,
65244pr0036,1,
47511wpr0006,1,
47511c01pr0002,1,
47511c02pr0002,1,
47511pr0004,1,
47511wpr0004,1,
47511wpr0002,1,
69711pr0002,1,
69711pr0003,1,
69711pr0001,1,
69713pr0050,1,
69713pr0046,1,
28262pr0060,1,
28262pr0017,1,
28262pr0015,1,
72152pr0001,1,
72152pr0058,1,
47510pr0007,1,
47510pr0014,1,
47510c02pr0003,1,
47510wpr0003,1,
47510wpr0005,1,
47510pr0006,1,
47510pr0004,1,
47510wpr0001,1,
47510pr0001,1,
18825pr0032,1,
18825pr0035,1,
18825pr0028,1,
18825pr0052,1,
18825pr0040,1,
18825pr0007,1,
18825pr0043,1,
18825pr0012,1,
18825pr0017,1,
18825pr0024,1,
18825pr0018,1,
47551pr0014,1,
47551pr0003,1,
72153pr0048,1,
38909pr0041,1,
38909pr0056,1,
38909pr0057,1,
38909pr0042,1,
38909pr0044,1,
38909pr0001,1,
38909pr0002,1,
47219pr0002,1,
47219pr0001,1,
47219pr0003,1,
60809pr0001,1,
65245pr0065,1,
65245pr0001,1,
65245pr0051,1,
65245pr0049,1,
65245pr0039,1,
65245pr0037,1,
18823pr0053,1,
18823pr0038,1,
18823pr0134,1,
18823pr0023,1,
18823pr0010,1,
18823pr0006,1,
18823pr0025,1,
18762pr0008,1,
18763,1,
dupupn0103,1,
47394pr0147,1,
47394pr0148,1,
52359,1,
5473,1,
24315,1,
dupfig0014,1,
12104,1,
42437,1,
25765pr0001,1,
25765pr0096,1,
21239pr0001,1,
21239pr0002,1,
78826,1,
24725,1,
13527,1,
37628,1,
31234pr0002,1,
31231pr0005,1,
31231pr0003,1,
31231pr0002,1,
31231pr0001,1,
31234pr0003,1,
31234pr0001,1,
31234pr0004,1,
31232pr0002,1,
31233pr0001,1,
31233pr0002,1,
31232pr0004,1,
31233pr0003,1,
31233pr0004,1,
31232pr0003,1,
44732,1,
7403,1,
44383,1,
45001,1,
dupfig0015,1,
4203,1,
44310,1,
41189,1,
84349,1,
98465pr9998,1,
16541,1,
19818pr0013,1,
19818pr0025,1,
19818pr0097,1,
19818pr0058,1,
21238pr0002,1,
28416pr0014,1,
28416pr0050,1,
28416pr0139,1,
28416pr0070,1,
28416pr0026,1,
28416pr0059,1,
dupfig0016,1,
92016,1,
38783,1,
20736,1,
75126pr0011,1,
75126pr0001,1,
75126pr0010,1,
75126pr0002,1,
75126pr0008,1,
75126pr0006,1,
75126pr0009,1,
75126pr0004,1,
75126pr0003,1,
75126pr0007,1,
52388,1,
21238pr0003,1,
21238pr0001,1,
23972pr0021,1,
92019,1,
dupfig0018,1,
25546,1,
16857,1,
10193,1,
37202pr0127,1,
48842pr0001,1,
48842pr0003,1,
37202pr0076,1,
37202pr0110,1,
37202pr0077,1,
48842pr0002,1,
63710c01pr0004,1,
63710c02pr0004,1,
63710pr0001,1,
53971pr0100,1,
37202pr0068,1,
63710pr0004,1,
63710pr0066,1,
63710pr0103,1,
63710c01pr0002,1,
63710c02pr0002,1,
63710pr0111,1,
63710pr0005,1,
63710pr0006,1,
63710pr0012,1,
63710pr35509,1,
63710pr0013,1,
63710pr0003,1,
63710pr0014,1,
62835pr0002,1,
62835pr0001,1,
47202pr9999,1,
47202pr0002,1,
47202pr0001,1,
47202pr0004,1,
47202pr0003,1,
47202pr0005,1,
47202pr0007,1,
47202pr0006,1,
51574,1,
89616,1,
89617,1,
47517c02pr0003,1,
47517pr0029,1,
47517c02pr0002,1,
47517c01pr0001,1,
47517c02pr0001,1,
47517pr0004,1,
24186,1,
80106c01pr0001,1,
25139c02pr0114,1,
25139pr0017,1,
65242c01pr0130,1,
65992,1,
25139c01pr0001,1,
25139pr0002,1,
65242c01pr0148,1,
65242c01pr0105,1,
65242c02pr0107,1,
65242c02pr0131,1,
48019c01pr0104,1,
48019c02pr0128,1,
53048pr0094,1,
47554,1,
68620pr0001,1,
68774pr0001,1,
68875pr0002,1,
68875pr0001,1,
10111pr0001,1,
10111c02pr0005,1,
10111pr0003,1,
10111pr0117,1,
10111apr0006,1,
10111c01pr0005,1,
10111pr0002,1,
10111pr0004,1,
10111pr0075,1,
10111pr0093,1,
10111pr0033,1,
10111pr0007,1,
23973pr0022,1,
23973pr0137,1,
23973pr0136,1,
23973pr0089,1,
41160pr0152,1,
41160pr9999,1,
23973pr0153,1,
47515pr0003,1,
47515pr0001,1,
48020,1,
41124pr0078,1,
93242pr0003,1,
93242pr0002,1,
93242pr0001,1,
93242pr0004,1,
41160pr0088,1,
41160pr0079,1,
47515pr0002,1,
47515pr0004,1,
65954pr0108,1,
16304pr0002,1,
16304pr0001,1,
65243pr0106,1,
65243pr0165,1,
65243pr0126,1,
35515pr0115,1,
35515pr0160,1,
35515pr0046,1,
35515pr9999,1,
35515pr0073,1,
35515pr0067,1,
35515pr0044,1,
35515pr0043,1,
35515pr0101,1,
65953pr0109,1,
75115pr0020,1,
75115pr0008,1,
75115pr0017,1,
75115pr9998,1,
75115pr9996,1,
75115pr0024a,1,
75115pr0003,1,
75115pr9995,1,
75115pr9997,1,
75115pr0026,1,
75115pr0006,1,
75115c01pr0011,1,
75115pr0011,1,
75115pr0010,1,
75115pr0006a,1,
75115pr0015,1,
75115pr0023,1,
75115pr0012,1,
75115pr0031,1,
75115pr0024,1,
75115pr0007,1,
75115pr0022,1,
75115pr0014a,1,
75115pr0001,1,
75115pr0004,1,
75115pr0019,1,
75115pr0021,1,
75115pr9999,1,
75115pr0005,1,
75115pr0013,1,
75115pr0018,1,
75115pr0009,1,
75115pr0002,1,
47394pr0001,1,
47394pr0003,1,
98465pr0008,1,
98465pr0004,1,
98465pr0009,1,
98465pr0002,1,
98465pr0001,1,
98465pr0003,1,
98465pr0016,1,
98465pr0006,1,
98465pr0005,1,
98465pr0149,1,
98465pr0072,1,
98465pr0155,1,
98465pr0007,1,
98465pr0051,1,
98465pr0011,1,
75113pr0002,1,
75113c02pr0004,1,
75113pr0007,1,
75113c01pr0004,1,
75113pr0001,1,
75113pr0008,1,
75113pr0047,1,
26122c01pr0015,1,
26122pr0030,1,
51741pr0019,1,
51741pr0016,1,
51741pr0013,1,
51741pr0010,1,
51741pr0008,1,
51741pr0009,1,
51741pr0012,1,
51741pr0004,1,
51741pr0014,1,
51741pr0007,1,
51741pr0017,1,
51741pr0020,1,
51741pr0022,1,
51741pr0003,1,
51741pr0015,1,
51741pr0021,1,
51741pr0011,1,
51741pr0018,1,
51741pr0001,1,
1643,1,
34534pr0138,1,
34534pr0028,1,
52861pr0003,1,
52861pr0002,1,
52861pr0001,1,
52861pr0004,1,
13523pr0002,1,
13523pr0001,1,
69840pr0140,1,
69840pr0125,1,
69840pr0151,1,
69840pr0133,1,
35516pr0147,1,
35516pr0112,1,
35516c01pr0141,1,
35516c01pr0099,1,
35516c01pr0048,1,
35516c01pr0042,1,
35516pr0119,1,
35516pr0034,1,
35516pr0120,1,
35516pr0081,1,
35516pr0090,1,
35516pr0045,1,
35516pr0134,1,
35516pr0038,1,
35516pr0001,1,
35516pr0041,1,
35516pr0042,1,
35499pr0154,1,
35499pr0086,1,
35499pr0001,1,
35499pr0030,1,
35499pr0124,1,
35499pr0113,1,
35499pr0032,1,
35499pr0032a,1,
35499pr0040,1,
35499pr0135,1,
62941pr0001,1,
62941pr0008,1,
62941pr0039,1,
53040,1,
1667,1,
89618,1,
6453c06pr0014,1,
6453c06pr0004,1,
6453c06pr0013,1,
6453c06pr0007,1,
6453c06pr0005,1,
6453c06pr0006,1,
6453c06pr0012,1,
6453c06pr0010,1,
6453c06pr0009,1,
6453c06pr0008,1,
6453c06pr0002,1,
6453c04pr0003,1,
6453c04pr0001,1,
6453c04pr0002,1,
6453c05pr0001,1,
6453c01pr0003,1,
6453c01pr0009,1,
6453c01pr0007,1,
6453c01pr0005,1,
6453c01pr0004,1,
6453c01pr0002,1,
6453c01pr0008,1,
6453c01pr0001,1,
6453c02pr0002,1,
6453c02pr0003,1,
6453c02pr0001,1,
6453c02pr0004,1,
6453c03pr0009,1,
6453c03pr0008,1,
6453c03pr0001,1,
6453c03pr0003,1,
6453c03pr0006,1,
6453c03pr0005,1,
6453c03pr0004,1,
6453c03pr0007,1,
6453c03pr0002,1,
6453c05pr0011,1,
6453c05pr0005,1,
6453c05pr0004,1,
6453c05pr0003,1,
6453c05pr0006,1,
6453c05pr0007,1,
6453c05pr0009,1,
6453c05pr0010,1,
6453c05pr0008,1,
4943pr0017,1,
4943pr0003,1,
4943pr0015,1,
4943pr0016,1,
4943pr0018,1,
4943pr0012,1,
4943pr0002,1,
4943pr0010,1,
4943pr0014,1,
4943pr0008,1,
4943pr0009,1,
4943pr0013,1,
4943pr0007,1,
4943pr0011,1,
4943pr0001,1,
4943pr0004,1,
4555c05pr0076,1,
4555c05pr0012,1,
4555c05pr0018,1,
4555c05pr0008,1,
4555c05pr0002,1,
4555c05pr0015,1,
4555c05pr0013,1,
4555c05pr0006,1,
4555c05pr0017,1,
4555c05pr0005,1,
4555c05pr0016,1,
4555c05pr0010,1,
4555c05pr0009,1,
4555c05pr0011,1,
4555c05pr0029,1,
4555c05pr0019,1,
4555c05pr0059,1,
4555c05pr0003,1,
4555c05pr0056,1,
4555c05pr0001,1,
4555c05pr0004,1,
4555c05pr0062,1,
4555c11pr0009,1,
4555c11pr0003,1,
4555c11pr0004,1,
4555c11pr0002,1,
4555c11pr0008,1,
4555c11pr0005,1,
4555c11pr0001,1,
4555c11pr0039,1,
4555c11pr0007,1,
4555c11pr0077,1,
4555c11pr0006,1,
4555c09pr0005,1,
4555c09pr0080,1,
4555c09pr0083,1,
4555c09pr0004,1,
4555c09pr0006,1,
4555c09pr0001,1,
4555c09pr0002,1,
4555c09pr0003,1,
4555c09pr0084,1,
4555c09pr0078,1,
4555c19pr0002,1,
4555c19pr0001,1,
4555c19pr0003,1,
4555c13pr0094,1,
31181pr0001,1,
31181pr0005,1,
31181pr0004,1,
31181pr0002,1,
4555c08pr0081,1,
4555c08pr0013,1,
4555c16pr0007,1,
4555c16pr0009,1,
4555c16pr0010,1,
4555c16pr0004,1,
4555c16pr0002,1,
4555c16pr0005,1,
4555c16pr0006,1,
4555c16pr0001,1,
4555c16pr0003,1,
4555c16pr0013,1,
4555c16pr0012,1,
4555c16pr0011,1,
4555c18pr0001,1,
4555c18pr0002,1,
4555c03pr0064,1,
4555c03pr0043,1,
4555c03pr0033,1,
4555c03pr0041,1,
4555c03pr0030,1,
4555c03pr0034,1,
4555c03pr0045,1,
4555c03pr0050,1,
4555c03pr0015,1,
4555c03pr0003,1,
4555c03pr0058,1,
4555c03pr0049,1,
4555c03pr0025,1,
4555c03pr0042,1,
4555c03pr0052,1,
4555c03pr0007,1,
4555c03pr0063,1,
4555c03pr0005,1,
4555c03pr0059,1,
4555c03pr0014,1,
4555c03pr0062,1,
4555c03pr0057,1,
4555c03pr0021,1,
4555c03pr0016,1,
4555c03pr0065,1,
4555c03pr0039,1,
4555c03pr0001,1,
4555c03pr0047,1,
4555c03pr0017,1,
4555c03pr0073,1,
4555c03pr0031,1,
4555c03pr0002,1,
4555c03pr0010,1,
4555c03pr0068,1,
4555c03pr0053,1,
4555c03pr0008,1,
4555c03pr0035,1,
4555c03pr0019,1,
4555c03pr0032,1,
4555c03pr0044,1,
4555c03pr0046,1,
4555c03pr0027,1,
4555c03pr0054,1,
4555c03pr0055,1,
4555c03pr0072,1,
4555c03pr0022,1,
4555c03pr0060,1,
4555c03pr0006,1,
4555c03pr0051,1,
4555c03pr0018,1,
4555c03pr0036,1,
4555c03pr0061,1,
4555c03pr0056,1,
4555c03pr0009,1,
4555c03pr0012,1,
4555c03pr0011,1,
4555c03pr0037,1,
4555c03pr0026,1,
4555c03pr0023,1,
4555c03pr0038,1,
4555c03pr0024,1,
4555c04pr0007,1,
4555c04pr0005,1,
4555c04pr0001,1,
4555c04pr0037,1,
4555c04pr0069,1,
4555c04pr0004,1,
4555c04pr0002,1,
4555c04pr0006,1,
4555c04pr0031,1,
4555c04pr0042,1,
4555c06pr0043,1,
4555c06pr0011,1,
4555c06pr0007,1,
4555c06pr0001,1,
4555c06pr0006,1,
4555c06pr0005,1,
4555c06pr0004,1,
4555c06pr0067,1,
4555c06pr0073,1,
4555c06pr0075,1,
4555c06pr0086,1,
4555c06pr0008,1,
4555c06pr0010,1,
4555c06pr0009,1,
4555c06pr0002,1,
4555c06pr0003,1,
4555c07pr0001,1,
4555c07pr0034,1,
4555c07pr0035,1,
4555c07pr0012,1,
4555c10pr0003,1,
4555c10pr0001,1,
4555c10pr0002,1,
4555c10pr0092,1,
4555c10pr0052,1,
4555c12pr0022,1,
4555c15pr0082,1,
4555c17pr0006,1,
4555c17pr0005,1,
4555c17pr0004,1,
4555c17pr0008,1,
4555c17pr0002,1,
4555c17pr0007,1,
4555c14pr0036,1,
4555c14pr0001,1,
4555c02pr0038,1,
4555c02pr0010,1,
4555c02pr0006,1,
4555c02pr0046,1,
4555c02pr0008,1,
4555c02pr0032,1,
4555c02pr0012,1,
4555c02pr0004,1,
4555c02pr0061,1,
4555c02pr0055,1,
4555c02pr0001,1,
4555c02pr0001a,1,
4555c02pr0054,1,
4555c02pr0018,1,
4555c02pr0060,1,
4555c02pr0019,1,
4555c02pr0014,1,
4555c02pr0026,1,
4555c02pr0016,1,
4555c02pr0048,1,
4555c02pr0007,1,
4555c02pr0002,1,
4555c02pr0003,1,
4555c02pr0005,1,
4555c02pr0009,1,
4555c02pr0015,1,
4555c02pr0079,1,
4555c01pr0016,1,
4555c01pr0018,1,
4555c01pr0001,1,
4555c01pr0023,1,
4555c01pr0010,1,
4555c01pr0063,1,
4555c01pr0024,1,
4555c01pr0011,1,
4555c01pr0030,1,
4555c01pr0019,1,
4555c01pr0005,1,
4555c01pr0022,1,
4555c01pr0028,1,
4555c01pr0017,1,
4555c01pr0026,1,
4555c01pr0087,1,
4555c01pr0021,1,
4555c01pr0029,1,
4555c01pr0006,1,
4555c01pr0025,1,
4555c01pr0002,1,
4555c01pr0012,1,
4555c01pr0008,1,
4555c01pr0020,1,
4555c01pr0009,1,
4555c01pr0015,1,
4555c01pr0003,1,
fabfig0001c02pr0001,1,
fabfig0002c06pr0001,1,
fabfig0002c07pr0002,1,
fabfig0001c01pr0001,1,
fabfig0002c08pr0001,1,
fabfig0002c02pr0001,1,
fabfig0002c03pr0001,1,
fabfig0002c07pr0001,1,
fabfig0001c06pr0001,1,
fabfig0002c10pr0001,1,
fabfig0002c10pr0002,1,
fabfig0003c01pr0001,1,
fabfig0003c02pr0001,1,
fabfig0003c03pr0001,1,
fabfig0003c03pr0002,1,
fabfig0004c03pr0001,1,
fabfig0004c03pr0002,1,
fabfig0006c01pr0001,1,
fabfig0006c01pr0002,1,
fabfig0007c02pr0001,1,
fabfig0007c03pr0001,1,
fabfig0010c01pr0001,1,
fabfig0010c02pr0001,1,
fabfig0011c01pr0001,1,
fabfig0011c02pr0001,1,
fabfig0012c01pr0002,1,
fabfig0012c01pr0001,1,
fabfig0013c01pr0001,1,
fabfig0013c03pr0001,1,
fabfig0013c04pr0001,1,
fabfig0016c02pr0001,1,
fabfig0016c01pr0001,1,
fabfig0016c06pr0001,1,
fabfig0016c08pr0001,1,
fabfig0016c04pr0001,1,
fabfig0016c05pr0001,1,
fabfig0016c09pr0001,1,
fabfig0016c03pr0001,1,
fabfig0016c07pr0001,1,
fabfig0017c01pr0001,1,
fabfig0017c03pr0001,1,
fabfig0017c02pr0001,1,
fabfig0017c05pr0001,1,
fabfig0017c04pr0001,1,
fabfig0017c04pr0002,1,
fabfig0001c03pr0001,1,
fabfig0007c04pr0001,1,
fabfig0018c01pr0001,1,
fabfig0018c02pr0001,1,
fabfig0018c03pr0001,1,
fabfig0018c04pr0001,1,
fabfig0018c05pr0001,1,
fabfig0018c06pr0001,1,
fabfig0019c01pr0001,1,
fabfig0019c01pr0002,1,
fabfig0001c07pr0001,1,
fabfig0001c08pr0001,1,
fabfig0001c05pr0001,1,
fabfig0001c05pr0002,1,
fabfig0001c08pr0002,1,
fabfig0020c01pr0001,1,
fabfig0004c01pr0001,1,
fabfig0008c01pr0001,1,
fabfig0009c03pr0001,1,
fabfig0009c03pr0002,1,
fabfig0009c01pr0001,1,
fabfig0015c01pr0001,1,
fabfig0015c01pr0002,1,
fabfig0015c02pr0001,1,
fabfig0014c01pr0001,1,
fabfig0014c03pr0001,1,
fabfig0014c03pr0002,1,
28849pr0049,1,
28849pr0048,1,
28849pr0044,1,
28849pr0047,1,
28849pr0050,1,
28849pr0041,1,
28849pr0045,1,
28849pr0042,1,
28849pr0043,1,
33254c01pr0001,1,
33254c02pr0001,1,
2661,1,
33261,1,
upn0040c02pr0003,1,
upn0040c02pr0004,1,
upn0040c03pr0005,1,
upn0040c02pr0001,1,
upn0040c02pr0005,1,
upn0040c02pr0007,1,
upn0040c02pr0009,1,
upn0040c03pr0004,1,
upn0040c03pr0008,1,
upn0040c03pr0003,1,
upn0040c02pr0006,1,
upn0040c03pr0001,1,
upn0040c02pr0008,1,
upn0040c03pr0007,1,
upn0040c03pr0006,1,
upn0040c03pr0002,1,
upn0040c01pr0001,1,
upn0040c01pr0002,1,
upn0040c01pr0003,1,
45219c04,1,
45219c02,1,
31763c02,1,
31763c01,1,
45219c01,1,
45219c03,1,
upn0020,1,
scafig0013pr0001,1,
scafig0013pr0002,1,
72058c01,1,
scafig0011,1,
scafig0004,1,
scafig0006,1,
scafig0003,1,
scafig0002,1,
scafig0010,1,
scafig0009,1,
853967,1,
853967pr0001,1,
