Non-LEGO,Color,Quantity
2005574,1,
1090boc,1,
9617bc,1,
9701b1,1,
9616b01,1,
9793b1,1,
1030b13,1,
1030b19,1,
1032b4,1,
1030b5,1,
9607b9,1,
9630ba,1,
9630bb,1,
1090bbc,1,
1092bbcd,1,
9630bc,1,
1090be,1,
9630be,1,
9630bf,1,
9630bg,1,
9630bh,1,
9702b3,1,
6344095,1,
6344094,1,
9608b7,1,
9608b10,1,
upn0416pr0003,1,
upn0416pr0005,1,
dupupn0145pr0004,1,
dupupn0145pr0002,1,
dupupn0145pr0003,1,
6115102,1,
6219715,1,
6219720,1,
cardupn0098pr0003,1,
6303222,1,
6303227,1,
6303225,1,
4662108,1,
4662109,1,
4666342,1,
cardupn0091pr0001,1,
cardupn0091pr0003,1,
cardupn0091pr0004,1,
cardupn0091pr0005,1,
cardupn0090pr0003,1,
cardupn0094pr0001,1,
cardupn0094pr0002,1,
cardupn0094pr0007,1,
cardupn0095pr0004,1,
cardupn0089pr0001,1,
cardupn0089pr0002,1,
cardupn0089pr0003,1,
cardupn0088pr0001,1,
cardupn0088pr0002,1,
cardupn0088pr0003,1,
cardupn0088pr0005,1,
cardupn0079pr0001,1,
cardupn0079pr0002,1,
cardupn0079pr0004,1,
cardupn0079pr0005,1,
cardupn0079pr0006,1,
cardupn0087,1,
cardupn0087pr0001,1,
cardupn0087pr0002,1,
cardupn0087pr0003,1,
cardupn0087pr0004,1,
cardupn0087pr0005,1,
cardupn0087pr0006,1,
cardupn0087pr0007,1,
cardupn0087pr0008,1,
cardupn0087pr0009,1,
cardupn0087pr0010,1,
cardupn0087pr0011,1,
cardupn0087pr0012,1,
cardupn0087pr0013,1,
cardupn0086pr0001,1,
cardupn0086pr0010,1,
cardupn0086pr0011,1,
cardupn0086pr0012,1,
cardupn0086pr0002,1,
cardupn0086pr0003,1,
cardupn0086pr0004,1,
cardupn0086pr0005,1,
cardupn0086pr0006,1,
cardupn0086pr0007,1,
cardupn0086pr0008,1,
cardupn0076pr0008,1,
cardupn0076pr0016,1,
cardupn0076pr0067,1,
cardupn0076pr0076,1,
cardupn0076pr0077,1,
cardupn0076pr0083,1,
cardupn0076pr0084,1,
cardupn0076pr0087,1,
cardupn0076pr0090,1,
cardupn0076pr0063,1,
cardupn0076pr0028,1,
cardupn0076pr0049,1,
cardupn0076pr0051,1,
cardupn0076pr0054,1,
cardupn0076pr0032,1,
cardupn0076pr0035,1,
cardupn0085pr0001,1,
cardupn0085pr0010,1,
cardupn0085pr0011,1,
cardupn0085pr0012,1,
cardupn0085pr0013,1,
cardupn0085pr0002,1,
cardupn0085pr0004,1,
cardupn0085pr0006,1,
cardupn0085pr0007,1,
cardupn0085pr0008,1,
cardupn0085pr0009,1,
cardupn0084pr0001,1,
cardupn0084pr0002,1,
cardupn0084pr0003,1,
cardupn0084pr0004,1,
cardupn0083pr0011,1,
cardupn0083pr0013,1,
cardupn0083pr0005,1,
cardupn0083pr0006,1,
cardupn0083pr0015,1,
cardupn0083pr0016,1,
cardupn0074pr0018,1,
cardupn0074pr0019,1,
cardupn0074pr0002,1,
cardupn0074pr0024,1,
cardupn0074pr0004,1,
9631b1,1,
9354d,1,
4173952,1,
4173818,1,
4173820,1,
4173953,1,
82282,1,
upn0462,1,
4215969,1,
upn0467,1,
upn0014,1,
4128420,1,
4128423,1,
4156395en,1,
biosampler,1,
upn0080,1,
9781913110215book3,1,
upn0088,1,
6840c01pb01,1,
upn0100pr0002,1,
upn0100pr0001,1,
upn0100pr0005,1,
upn0100pr0003,1,
upn0100pr0004,1,
upn0100pr0006,1,
2009594,1,
2009689,1,
900093,1,
2000080,1,
2000095,1,
gbiocd2001,1,
4199265,1,
4153273,1,
upn0133,1,
upn0134,1,
4283798,1,
4133076,1,
chessboard,1,
6128690,1,
6079479,1,
6151317,1,
6188123,1,
6090093,1,
6046913,1,
6079399,1,
upn0148,1,
upn0236pr0002,1,
upn0236pr0005,1,
cardupn0059,1,
cardupn0066,1,
cardupn0067,1,
cardupn0064,1,
cardupn0099pr0002,1,
4128030,1,
dupupn0106,1,
6116050,1,
6305380,1,
6405668,1,
42380b,1,
4189445pr0005,1,
4189443pr0001,1,
6325698,1,
upn0498,1,
cardupn0072pr0115,1,
cardupn0077pr0005,1,
cardupn0077pr0006,1,
cardupn0077pr0002,1,
cardupn0077pr0008,1,
cardupn0077pr0003,1,
6187162,1,
6187179,1,
6187182,1,
6187188,1,
6187197,1,
6187164,1,
6187201,1,
6187166,1,
6187167,1,
6187168,1,
6187171,1,
6187173,1,
6187175,1,
5763,1,
8890,1,
6150522,1,
6150516,1,
6150517,1,
6150518,1,
6150510,1,
6150511,1,
6190060,1,
6190063,1,
6190073,1,
6190076,1,
cardupn0097pr0004,1,
4109636,1,
6370968,1,
170310,1,
upn0066,1,
cardupn0105pr0012,1,
cardupn0105pr0002,1,
cardupn0105pr0005,1,
cardupn0109pr0002,1,
cardupn0109pr0003,1,
upn0496pr0004,1,
cardupn0082,1,
upn0254,1,
5600cdb02,1,
penupn0032,1,
penupn0020,1,
penupn0025,1,
penupn9988,1,
penupn0033,1,
penupn0022,1,
penupn0005,1,
penupn0034,1,
penupn0027,1,
penupn0016pr0001,1,
penupn9973pr0001,1,
penupn0010,1,
penupn0010pr0001,1,
penupn9997,1,
penupn0011pr0008,1,
penupn0011pr0003,1,
penupn9972,1,
penupn9974,1,
penupn0006,1,
penupn0006pr0024,1,
penupn0006pr0042,1,
penupn0006pr0022,1,
penupn0006pr0046,1,
penupn0006pr0011,1,
penupn0006pr0012,1,
penupn0006pr0013,1,
penupn0006pr0006,1,
penupn0006pr0010,1,
penupn0006pr0035,1,
penupn0006pr0001,1,
penupn0006pr0051,1,
penupn0009,1,
penupn0003,1,
penupn0003pr0021,1,
penupn0003pr0047,1,
penupn0003pr0046,1,
penupn0003pr0041,1,
penupn0003pr0076,1,
penupn0003pr0073,1,
penupn0003pr0019,1,
penupn0003pr0008,1,
penupn0003pr0015,1,
penupn0003pr0054,1,
penupn0003pr0010,1,
penupn0003pr0032,1,
penupn0003pr0043,1,
penupn0003pr0018,1,
penupn0003pr0026,1,
penupn0003pr0009,1,
penupn0003pr0023,1,
penupn0003pr0001,1,
penupn0003pr0007,1,
penupn0003pr0068,1,
penupn0003pr0034,1,
penupn0003pr0004,1,
penupn0001,1,
penupn0001pr0028,1,
penupn0001pr0017,1,
penupn0001pr0031,1,
penupn0001pr0032,1,
penupn0001pr0021,1,
penupn0001pr0022,1,
penupn0001pr0008,1,
penupn0001pr0009,1,
penupn0001pr0001,1,
penupn0001pr0019,1,
penupn0001pr0025,1,
penupn0001pr0011,1,
penupn0001pr0037,1,
penupn0001pr0027,1,
penupn0004,1,
penupn0004pr0134,1,
penupn0004pr0136,1,
penupn0004pr0023,1,
penupn0004pr0042,1,
penupn0004pr0015,1,
penupn0004pr0152,1,
penupn0004pr0013,1,
penupn0004pr0096,1,
penupn0004pr0021,1,
penupn0004pr0028,1,
penupn0004pr0058,1,
penupn0004pr0146,1,
penupn0004pr0055,1,
penupn0004pr0071,1,
penupn0004pr0024,1,
penupn0004pr0109,1,
penupn0004pr0108,1,
penupn0004pr0077,1,
penupn0004pr0104,1,
penupn0004pr0069,1,
penupn0004pr0074,1,
penupn0004pr0079,1,
penupn0004pr0128,1,
penupn0004pr0095,1,
penupn0004pr0017,1,
penupn0004pr0062,1,
penupn0004pr0061,1,
penupn0004pr0142,1,
penupn0004pr0011,1,
penupn0004pr0065,1,
penupn0004pr0049,1,
penupn0004pr0056,1,
penupn0004pr0125,1,
penupn0004pr0041,1,
penupn0004pr0105,1,
penupn0004pr0102,1,
penupn0004pr0070,1,
penupn0004pr0097,1,
penupn0004pr0080,1,
penupn0004pr0153,1,
penupn0004pr0127,1,
penupn0004pr0130,1,
penupn0004pr0081,1,
penupn0004pr0075,1,
penupn0004pr0018,1,
penupn0004pr0033,1,
penupn0004pr0068,1,
penupn0036c14,1,
penupn0036c13,1,
penupn0036c09,1,
penupn0036c09pr0001,1,
penupn0036c01,1,
penupn9998,1,
penupn9978c01,1,
pcl004,1,
dupupn0136,1,
upn0451,1,
cardupn0075,1,
Eyepatch,1,
jaykomask,1,
upn0552,1,
upn0555,1,
upn0554,1,
4189503,1,
upn0417,1,
4143306,1,
4173822,1,
upn0460,1,
4107419,1,
4109154pr0001,1,
4180878,1,
5002941poster,1,
6036833,1,
4644160,1,
upn0461,1,
u-2694,1,
120630,1,
4107400,1,
4186302,1,
47073,1,
upn0035,1,
bin02,1,
bin06,1,
upn0435,1,
upn0434,1,
2830,1,
case12,1,
5004932suitcase,1,
case1,1,
case8,1,
759528c02,1,
759528c06,1,
759528c07,1,
case4,1,
case2,1,
mummyc02,1,
6867c01pr0001,1,
4112776pr0003,1,
cardupn0115pr0001,1,
cardupn0115pr0010,1,
cardupn0115pr0100,1,
cardupn0115pr0101,1,
cardupn0115pr0102,1,
cardupn0115pr0103,1,
cardupn0115pr0104,1,
cardupn0115pr0105,1,
cardupn0115pr0106,1,
cardupn0115pr0107,1,
cardupn0115pr0108,1,
cardupn0115pr0109,1,
cardupn0115pr0011,1,
cardupn0115pr0110,1,
cardupn0115pr0111,1,
cardupn0115pr0112,1,
cardupn0115pr0113,1,
cardupn0115pr0114,1,
cardupn0115pr0115,1,
cardupn0115pr0116,1,
cardupn0115pr0117,1,
cardupn0115pr0118,1,
cardupn0115pr0119,1,
cardupn0115pr0012,1,
cardupn0115pr0120,1,
cardupn0115pr0121,1,
cardupn0115pr0122,1,
cardupn0115pr0123,1,
cardupn0115pr0124,1,
cardupn0115pr0125,1,
cardupn0115pr0126,1,
cardupn0115pr0127,1,
cardupn0115pr0128,1,
cardupn0115pr0129,1,
cardupn0115pr0013,1,
cardupn0115pr0130,1,
cardupn0115pr0131,1,
cardupn0115pr0132,1,
cardupn0115pr0133,1,
cardupn0115pr0134,1,
cardupn0115pr0135,1,
cardupn0115pr0136,1,
cardupn0115pr0137,1,
cardupn0115pr0138,1,
cardupn0115pr0139,1,
cardupn0115pr0014,1,
cardupn0115pr0140,1,
cardupn0115pr0141,1,
cardupn0115pr0142,1,
cardupn0115pr0143,1,
cardupn0115pr0144,1,
cardupn0115pr0145,1,
cardupn0115pr0146,1,
cardupn0115pr0147,1,
cardupn0115pr0148,1,
cardupn0115pr0149,1,
cardupn0115pr0015,1,
cardupn0115pr0150,1,
cardupn0115pr0151,1,
cardupn0115pr0152,1,
cardupn0115pr0153,1,
cardupn0115pr0154,1,
cardupn0115pr0155,1,
cardupn0115pr0156,1,
cardupn0115pr0157,1,
cardupn0115pr0158,1,
cardupn0115pr0159,1,
cardupn0115pr0016,1,
cardupn0115pr0160,1,
cardupn0115pr0161,1,
cardupn0115pr0162,1,
cardupn0115pr0163,1,
cardupn0115pr0164,1,
cardupn0115pr0165,1,
cardupn0115pr0166,1,
cardupn0115pr0167,1,
cardupn0115pr0168,1,
cardupn0115pr0169,1,
cardupn0115pr0017,1,
cardupn0115pr0170,1,
cardupn0115pr0171,1,
cardupn0115pr0172,1,
cardupn0115pr0173,1,
cardupn0115pr0174,1,
cardupn0115pr0175,1,
cardupn0115pr0176,1,
cardupn0115pr0177,1,
cardupn0115pr0178,1,
cardupn0115pr0179,1,
cardupn0115pr0018,1,
cardupn0115pr0180,1,
cardupn0115pr0181,1,
cardupn0115pr0182,1,
cardupn0115pr0183,1,
cardupn0115pr0184,1,
cardupn0115pr0185,1,
cardupn0115pr0186,1,
cardupn0115pr0187,1,
cardupn0115pr0188,1,
cardupn0115pr0189,1,
cardupn0115pr0019,1,
cardupn0115pr0190,1,
cardupn0115pr0191,1,
cardupn0115pr0192,1,
cardupn0115pr0193,1,
cardupn0115pr0194,1,
cardupn0115pr0195,1,
cardupn0115pr0196,1,
cardupn0115pr0197,1,
cardupn0115pr0198,1,
cardupn0115pr0199,1,
cardupn0115pr0002,1,
cardupn0115pr0020,1,
cardupn0115pr0200,1,
cardupn0115pr0201,1,
cardupn0115pr0202,1,
cardupn0115pr0203,1,
cardupn0115pr0204,1,
cardupn0115pr0205,1,
cardupn0115pr0206,1,
cardupn0115pr0207,1,
cardupn0115pr0208,1,
cardupn0115pr0209,1,
cardupn0115pr0021,1,
cardupn0115pr0210,1,
cardupn0115pr0211,1,
cardupn0115pr0212,1,
cardupn0115pr0213,1,
cardupn0115pr0214,1,
cardupn0115pr0215,1,
cardupn0115pr0216,1,
cardupn0115pr0217,1,
cardupn0115pr0218,1,
cardupn0115pr0219,1,
cardupn0115pr0022,1,
cardupn0115pr0220,1,
cardupn0115pr0221,1,
cardupn0115pr0222,1,
cardupn0115pr0223,1,
cardupn0115pr0224,1,
cardupn0115pr0225,1,
cardupn0115pr0226,1,
cardupn0115pr0227,1,
cardupn0115pr0228,1,
cardupn0115pr0229,1,
cardupn0115pr0023,1,
cardupn0115pr0230,1,
cardupn0115pr0231,1,
cardupn0115pr0232,1,
cardupn0115pr0233,1,
cardupn0115pr0234,1,
cardupn0115pr0235,1,
cardupn0115pr0236,1,
cardupn0115pr0237,1,
cardupn0115pr0238,1,
cardupn0115pr0239,1,
cardupn0115pr0024,1,
cardupn0115pr0240,1,
cardupn0115pr0241,1,
cardupn0115pr0242,1,
cardupn0115pr0243,1,
cardupn0115pr0244,1,
cardupn0115pr0245,1,
cardupn0115pr0246,1,
cardupn0115pr0247,1,
cardupn0115pr0248,1,
cardupn0115pr0249,1,
cardupn0115pr0025,1,
cardupn0115pr0250,1,
cardupn0115pr0251,1,
cardupn0115pr0252,1,
cardupn0115pr0253,1,
cardupn0115pr0254,1,
cardupn0115pr0255,1,
cardupn0115pr0256,1,
cardupn0115pr0257,1,
cardupn0115pr0258,1,
cardupn0115pr0259,1,
cardupn0115pr0026,1,
cardupn0115pr0260,1,
cardupn0115pr0261,1,
cardupn0115pr0262,1,
cardupn0115pr0263,1,
cardupn0115pr0264,1,
cardupn0115pr0265,1,
cardupn0115pr0266,1,
cardupn0115pr0267,1,
cardupn0115pr0268,1,
cardupn0115pr0269,1,
cardupn0115pr0027,1,
cardupn0115pr0270,1,
cardupn0115pr0271,1,
cardupn0115pr0272,1,
cardupn0115pr0273,1,
cardupn0115pr0274,1,
cardupn0115pr0275,1,
cardupn0115pr0276,1,
cardupn0115pr0277,1,
cardupn0115pr0278,1,
cardupn0115pr0279,1,
cardupn0115pr0028,1,
cardupn0115pr0280,1,
cardupn0115pr0281,1,
cardupn0115pr0282,1,
cardupn0115pr0283,1,
cardupn0115pr0284,1,
cardupn0115pr0285,1,
cardupn0115pr0286,1,
cardupn0115pr0287,1,
cardupn0115pr0288,1,
cardupn0115pr0289,1,
cardupn0115pr0029,1,
cardupn0115pr0290,1,
cardupn0115pr0292,1,
cardupn0115pr0291,1,
cardupn0115pr0293,1,
cardupn0115pr0294,1,
cardupn0115pr0295,1,
cardupn0115pr0296,1,
cardupn0115pr0297,1,
cardupn0115pr0298,1,
cardupn0115pr0299,1,
cardupn0115pr0003,1,
cardupn0115pr0030,1,
cardupn0115pr0300,1,
cardupn0115pr0301,1,
cardupn0115pr0302,1,
cardupn0115pr0303,1,
cardupn0115pr0304,1,
cardupn0115pr0305,1,
cardupn0115pr0306,1,
cardupn0115pr0307,1,
cardupn0115pr0308,1,
cardupn0115pr0309,1,
cardupn0115pr0031,1,
cardupn0115pr0310,1,
cardupn0115pr0032,1,
cardupn0115pr0033,1,
cardupn0115pr0034,1,
cardupn0115pr0035,1,
cardupn0115pr0036,1,
cardupn0115pr0037,1,
cardupn0115pr0038,1,
cardupn0115pr0039,1,
cardupn0115pr0004,1,
cardupn0115pr0040,1,
cardupn0115pr0041,1,
cardupn0115pr0042,1,
cardupn0115pr0043,1,
cardupn0115pr0044,1,
cardupn0115pr0045,1,
cardupn0115pr0046,1,
cardupn0115pr0047,1,
cardupn0115pr0048,1,
cardupn0115pr0049,1,
cardupn0115pr0005,1,
cardupn0115pr0050,1,
cardupn0115pr0051,1,
cardupn0115pr0052,1,
cardupn0115pr0053,1,
cardupn0115pr0054,1,
cardupn0115pr0055,1,
cardupn0115pr0056,1,
cardupn0115pr0057,1,
cardupn0115pr0058,1,
cardupn0115pr0059,1,
cardupn0115pr0006,1,
cardupn0115pr0060,1,
cardupn0115pr0061,1,
cardupn0115pr0062,1,
cardupn0115pr0063,1,
cardupn0115pr0064,1,
cardupn0115pr0065,1,
cardupn0115pr0066,1,
cardupn0115pr0067,1,
cardupn0115pr0068,1,
cardupn0115pr0069,1,
cardupn0115pr0007,1,
cardupn0115pr0070,1,
cardupn0115pr0071,1,
cardupn0115pr0072,1,
cardupn0115pr0073,1,
cardupn0115pr0074,1,
cardupn0115pr0075,1,
cardupn0115pr0076,1,
cardupn0115pr0077,1,
cardupn0115pr0078,1,
cardupn0115pr0079,1,
cardupn0115pr0008,1,
cardupn0115pr0080,1,
cardupn0115pr0081,1,
cardupn0115pr0082,1,
cardupn0115pr0083,1,
cardupn0115pr0084,1,
cardupn0115pr0085,1,
cardupn0115pr0086,1,
cardupn0115pr0087,1,
cardupn0115pr0088,1,
cardupn0115pr0089,1,
cardupn0115pr0009,1,
cardupn0115pr0090,1,
cardupn0115pr0091,1,
cardupn0115pr0092,1,
cardupn0115pr0093,1,
cardupn0115pr0094,1,
cardupn0115pr0095,1,
cardupn0115pr0096,1,
cardupn0115pr0097,1,
cardupn0115pr0098,1,
cardupn0115pr0099,1,
cardupn0025pr0072,1,
cardupn0025pr0075,1,
cardupn0025pr0084,1,
cardupn0025pr0125,1,
cardupn0025pr0077,1,
cardupn0025pr0057,1,
cardupn0025pr0110,1,
cardupn0025pr0068,1,
cardupn0025pr0067,1,
cardupn0025pr0131,1,
cardupn0025pr0060,1,
cardupn0025pr0092,1,
cardupn0025pr0066,1,
cardupn0025pr0140,1,
cardupn0025pr0078,1,
cardupn0025pr0076,1,
cardupn0025pr0130,1,
cardupn0025pr0096,1,
cardupn0025pr0127,1,
cardupn0025pr0087,1,
cardupn0025pr0109,1,
cardupn0025pr0070,1,
cardupn0025pr0028,1,
cardupn0025pr0059,1,
cardupn0025pr0048,1,
cardupn0025pr0027,1,
cardupn0025pr0039,1,
cardupn0025pr0017,1,
cardupn0025pr0025,1,
cardupn0025pr0046,1,
cardupn0025pr0023,1,
cardupn0025pr0041,1,
cardupn0025pr0004,1,
cardupn0025pr0002,1,
cardupn0025pr0047,1,
cardupn0025pr0020,1,
cardupn0025pr0024,1,
cardupn0025pr0021,1,
cardupn0025pr0026,1,
cardupn0025pr0022,1,
cardupn0025pr0029,1,
cardupn0026pr0138,1,
cardupn0026pr0026,1,
cardupn0026pr0113,1,
cardupn0026pr0108,1,
cardupn0026pr0023,1,
cardupn0026pr0050,1,
cardupn0026pr0018,1,
cardupn0026pr0100,1,
cardupn0026pr0132,1,
cardupn0026pr0039,1,
cardupn0026pr0082,1,
cardupn0026pr0024,1,
cardupn0026pr0077,1,
cardupn0026pr0130,1,
cardupn0026pr0053,1,
cardupn0026pr0128,1,
cardupn0026pr0033,1,
cardupn0026pr0038,1,
cardupn0026pr0133,1,
cardupn0026pr0107,1,
cardupn0026pr0081,1,
cardupn0026pr0098,1,
cardupn0026pr0001,1,
cardupn0026pr0099,1,
cardupn0026pr0011,1,
cardupn0026pr0028,1,
cardupn0026pr0091,1,
cardupn0026pr0008,1,
cardupn0026pr0015,1,
cardupn0026pr0114,1,
cardupn0026pr0002,1,
cardupn0026pr0054,1,
cardupn0026pr0122,1,
cardupn0026pr0006,1,
cardupn0026pr0004,1,
cardupn0026pr0136,1,
cardupn0026pr0010,1,
cardupn0026pr0059,1,
cardupn0026pr0062,1,
cardupn0026pr0087,1,
cardupn0028pr0105,1,
cardupn0028pr0071,1,
cardupn0028pr0120,1,
cardupn0028pr0069,1,
cardupn0028pr0073,1,
cardupn0028pr0109,1,
cardupn0028pr0082,1,
cardupn0028pr0008,1,
cardupn0028pr0025,1,
cardupn0028pr0046,1,
cardupn0028pr0086,1,
cardupn0028pr0057,1,
cardupn0028pr0138,1,
cardupn0028pr0129,1,
cardupn0028pr0087,1,
cardupn0028pr0044,1,
cardupn0028pr0119,1,
cardupn0028pr0006,1,
cardupn0028pr0134,1,
cardupn0028pr0015,1,
cardupn0028pr0052,1,
cardupn0028pr0140,1,
cardupn0028pr0128,1,
cardupn0028pr0027,1,
cardupn0028pr0084,1,
cardupn0028pr0054,1,
cardupn0028pr0075,1,
cardupn0028pr0132,1,
cardupn0028pr0123,1,
cardupn0028pr0080,1,
cardupn0028pr0001,1,
cardupn0028pr0096,1,
cardupn0028pr0012,1,
cardupn0028pr0062,1,
cardupn0028pr0136,1,
cardupn0028pr0131,1,
cardupn0028pr0009,1,
cardupn0028pr0064,1,
cardupn0028pr0121,1,
cardupn0028pr0102,1,
cardupn0028pr0127,1,
cardupn0073pr0105,1,
cardupn0073pr0069,1,
cardupn0073pr0066,1,
cardupn0073pr0067,1,
cardupn0073pr0068,1,
cardupn0073pr0073,1,
cardupn0073pr0077,1,
cardupn0073pr0011,1,
cardupn0073pr0012,1,
cardupn0073pr0013,1,
cardupn0073pr0015,1,
cardupn0073pr0017,1,
cardupn0073pr0018,1,
cardupn0073pr0102,1,
cardupn0073pr0062,1,
cardupn0073pr0103,1,
cardupn0073pr0052,1,
cardupn0073pr0053,1,
cardupn0073pr0055,1,
cardupn0073pr0002,1,
cardupn0073pr0005,1,
cardupn0073pr0008,1,
cardupn0073pr0046,1,
cardupn0073pr0048,1,
cardupn0073pr0049,1,
cardupn0073pr0050,1,
cardupn0073pr0096,1,
cardupn0073pr0032,1,
cardupn0073pr0033,1,
cardupn0073pr0034,1,
cardupn0073pr0035,1,
cardupn0073pr0036,1,
cardupn0073pr0019,1,
cardupn0073pr0020,1,
cardupn0073pr0021,1,
cardupn0073pr0025,1,
cardupn0073pr0026,1,
cardupn0073pr0083,1,
cardupn0073pr0054,1,
cardupn0073pr0057,1,
cardupn0073pr0058,1,
cardupn0073pr0059,1,
cardupn0073pr0060,1,
cardupn0073pr0084,1,
cardupn0073pr0091,1,
cardupn0073pr0061,1,
cardupn0073pr0070,1,
cardupn0073pr0072,1,
cardupn0073pr0037,1,
cardupn0073pr0038,1,
cardupn0073pr0040,1,
cardupn0073pr0041,1,
cardupn0073pr0044,1,
6021448,1,
6021385,1,
6021382,1,
6021383,1,
6021395,1,
6021398,1,
6021384,1,
6021430,1,
6021426,1,
6021440,1,
6021453,1,
6021462,1,
6021464,1,
6058373,1,
6058375,1,
6058377,1,
6058358,1,
6058366,1,
6058367,1,
6058369,1,
6058370,1,
6073193,1,
6073196,1,
6073199,1,
6073212,1,
6073215,1,
6073293,1,
6073299,1,
cardupn0103pr0020,1,
cardupn0103pr0028,1,
cardupn0103pr0041,1,
cardupn0103pr0016,1,
cardupn0103pr0032,1,
cardupn0103pr0008,1,
cardupn0103pr0035,1,
cardupn0103pr0038,1,
cardupn0103pr0044,1,
cardupn0103pr0042,1,
cardupn0103pr0047,1,
cardupn0103pr0029,1,
cardupn0103pr0045,1,
cardupn0103pr0048,1,
cardupn0103pr0031,1,
cardupn0103pr0005,1,
cardupn0103pr0033,1,
cardupn0103pr0043,1,
cardupn0103pr0030,1,
cardupn0103pr0034,1,
cardupn0103pr0037,1,
cardupn0053,1,
4621828,1,
4621846,1,
4621813,1,
4612929,1,
4621845,1,
4617231,1,
4630314,1,
4621870,1,
4612928,1,
4643613,1,
4643496,1,
4643605,1,
4643477,1,
4643626,1,
4643542,1,
4643479,1,
4643646,1,
4643602,1,
4643719,1,
4643718,1,
4643438,1,
4643721,1,
4643493,1,
4643716,1,
4643604,1,
4643437,1,
4643544,1,
4643495,1,
cardupn0029pr0061,1,
cardupn0029pr0034,1,
cardupn0029pr0036,1,
cardupn0029pr0074,1,
cardupn0029pr0070,1,
cardupn0029pr0086,1,
cardupn0029pr0053,1,
cardupn0029pr0077,1,
cardupn0029pr0020,1,
cardupn0029pr0080,1,
cardupn0029pr0030,1,
cardupn0029pr0055,1,
cardupn0029pr0062,1,
cardupn0046,1,
cardupn0044,1,
cardupn0030pr0030,1,
cardupn0030pr0021,1,
cardupn0030pr0023,1,
cardupn0030pr0040,1,
cardupn0030pr0039,1,
cardupn0030pr0018,1,
cardupn0030pr0012,1,
cardupn0030pr0013,1,
cardupn0030pr0016,1,
cardupn0030pr0019,1,
cardupn0030pr0008,1,
cardupn0030pr0010,1,
cardupn0030pr0006,1,
9767,1,
8457tapentsc,1,
4184226,1,
