Stickers,Color,Quantity
57338a,1,
15752,1,
79866,1,
79280,1,
10001416,1,
10102114,1,
71586,1,
78834,1,
10001705,1,
10100295,1,
10101864,1,
4424stk,1,
72994,1,
42041,1,
54880,1,
10102740,1,
55961H,1,
53351,1,
92595,1,
10073628,1,
10100580,1,
10101605,1,
16412,1,
10016414,1,
26984,1,
10001511,1,
10101075,1,
10101080,1,
49739,1,
72212,1,
10102527,1,
10102495,1,
65860,1,
10068838,1,
164565,1,
41604,1,
168865,1,
48214,1,
51648,1,
10100080,1,
10100764Stk1,1,
71449,1,
71447,1,
60525,1,
33401,1,
39276,1,
21816,1,
41266,1,
77413,1,
47264,1,
67750,1,
52994,1,
62281,1,
69366,1,
17688,1,
10103473,1,
79245,1,
63091,1,
77168,1,
78689,1,
10001892,1,
10100004,1,
88163,1,
22251,1,
853921a,1,
stickerupn0143,1,
stickerupn0019a,1,
47852,1,
22915,1,
51744,1,
57338b,1,
14584,1,
79279,1,
10100768,1,
10103464,1,
194386,1,
10001913,1,
10100759,1,
10100296,1,
10101865,1,
23282,1,
4126730,1,
10102739,1,
96144,1,
10073602,1,
10100579,1,
10101606,1,
17795,1,
26854,1,
26986,1,
34174,1,
10077544,1,
10102339,1,
10102440,1,
10102526,1,
10101351,1,
10100777,1,
162323,1,
71313,1,
4116489,1,
14082,1,
10100081,1,
10101460,1,
35364,1,
96458,1,
96459,1,
21419,1,
51347,1,
94261,1,
64018,1,
62318,1,
37842,1,
38535,1,
10103474,1,
63093,1,
72377,1,
78688,1,
10098858,1,
71808,1,
10068783,1,
10068823,1,
89819,1,
72981,1,
190736,1,
89824,1,
90414,1,
821842,1,
stickerupn0144,1,
47851,1,
190257,1,
22992,1,
4159,1,
10100760,1,
10101866,1,
22272,1,
1677,1,
10102479,1,
41257,1,
20897,1,
47853,1,
57337,1,
72602,1,
1013466,1,
69369,1,
71456,1,
42689,1,
44236,1,
44942,1,
45667,1,
47522,1,
53049,1,
48981,1,
48981a,1,
58239,1,
61274,1,
62333,1,
85580,1,
88529,1,
91602,1,
94765,1,
11085,1,
15312,1,
15275,1,
21016,1,
26952,1,
34572,1,
67343,1,
69210,1,
22587,1,
1023,1,
10001478,1,
10084111,1,
10100656,1,
10101280,1,
40219,1,
40220,1,
4117691,1,
22622,1,
22644,1,
22645,1,
22648,1,
4845,1,
3429,1,
4799,1,
4800,1,
4301,1,
stickerupn0085,1,
194535,1,
stickerupn0086,1,
168055,1,
168235,1,
3437,1,
stickerupn0047,1,
821462,1,
37482,1,
10286,1,
37480,1,
39754,1,
73327,1,
79429,1,
71641,1,
97442,1,
4117696,1,
4117697,1,
4117698,1,
4117699,1,
4117700,1,
stickerupn0088,1,
4627,1,
4233,1,
3497,1,
stickerupn0050,1,
22990,1,
4229,1,
10990,1,
10985,1,
10979,1,
10983,1,
93272,1,
10102338,1,
10100445,1,
22012,1,
13710,1,
22957,1,
22958,1,
88663,1,
10095457,1,
10095459,1,
89505,1,
22109,1,
11210,1,
22917,1,
22920,1,
41247,1,
23236,1,
52029,1,
42035,1,
42039,1,
42210,1,
46665,1,
46209,1,
49866,1,
160285,1,
94735,1,
stickerupn0093,1,
stickerupn0094,1,
194045,1,
74454,1,
22266,1,
194295,1,
25806,1,
34585,1,
18476,1,
18436,1,
27106,1,
25423,1,
27105,1,
194305,1,
197895,1,
stickerupn0116,1,
stickerupn0117,1,
64953,1,
77332,1,
77269,1,
79100,1,
10102738,1,
93596,1,
10100582,1,
1041,1,
1343,1,
10077406,1,
10100472,1,
10077536,1,
10100307,1,
10100450,1,
10100451,1,
10100780,1,
10100427,1,
10500592,1,
10102362,1,
10102278,1,
10102194,1,
10102751,1,
10102294,1,
14250,1,
16264,1,
17792,1,
16452,1,
16455,1,
20212,1,
20215,1,
26857,1,
25168,1,
21491,1,
21494,1,
21953,1,
21351,1,
21496,1,
25706,1,
25426,1,
26518,1,
26749,1,
25131,1,
30769,1,
30932,1,
36944,1,
61306,1,
31918,1,
36765,1,
37805,1,
30604,1,
30910,1,
31813,1,
66352,1,
28900,1,
29008,1,
32908,1,
33762,1,
35928,1,
38010,1,
38012,1,
38681,1,
38018,1,
38019,1,
38022,1,
44884,1,
50427,1,
52459,1,
66426,1,
66428,1,
66282,1,
66303,1,
66306,1,
66307,1,
67790,1,
67368,1,
67372,1,
68877,1,
72725,1,
72754,1,
72757,1,
22903,1,
77531,1,
77537,1,
80096,1,
80097,1,
84123,1,
1501,1,
1503,1,
10001507,1,
10001502,1,
10001510,1,
10100107,1,
10001509,1,
1500,1,
1504,1,
1506,1,
10001505,1,
10101073,1,
10101083,1,
10101082,1,
10101172,1,
10101071,1,
10101081,1,
10101074,1,
10101076,1,
10101077,1,
10101072,1,
10101085,1,
10101084,1,
10101310,1,
10101078,1,
10101079,1,
23159,1,
97437,1,
14260,1,
14261,1,
14262,1,
13077,1,
10010491,1,
16136,1,
16179,1,
19072,1,
20875,1,
24858,1,
24727,1,
24931,1,
31861,1,
34354,1,
37351,1,
99226,1,
37747,1,
38959,1,
46332,1,
51284,1,
51319,1,
51341,1,
65482,1,
72185,1,
77595,1,
80224,1,
10080233,1,
10101050,1,
10102450,1,
10101052,1,
10101053,1,
10101056,1,
69213,1,
67598,1,
69662,1,
75264,1,
75772,1,
77405,1,
10068839,1,
10102077,1,
10102078,1,
14092,1,
16392,1,
17575,1,
17596,1,
98771,1,
98773,1,
99222,1,
99223,1,
99224,1,
10485,1,
42589,1,
47044,1,
45300,1,
67969,1,
40466,1,
40469,1,
40471,1,
43781,1,
93672,1,
93705,1,
stickerupn0043,1,
52771,1,
52770,1,
92951,1,
47419,1,
49175,1,
49196,1,
50252,1,
98269,1,
4944,1,
60497,1,
60499,1,
stickerupn0148,1,
stickerupn0062,1,
stickerupn0147,1,
stickerupn0067,1,
stickerupn0069,1,
56594,1,
168845,1,
75550,1,
86855,1,
86696,1,
86906,1,
12687,1,
12652,1,
14427,1,
14793,1,
14795,1,
14856,1,
14860,1,
14869,1,
14901,1,
14948,1,
19471,1,
19477,1,
19272,1,
20800,1,
20804,1,
24545,1,
24552,1,
24513,1,
24492,1,
24493,1,
24557,1,
29107,1,
30891,1,
30825,1,
29434,1,
35460,1,
34421,1,
33376,1,
32832,1,
36649,1,
37154,1,
37391,1,
38770,1,
49473,1,
44479,1,
44480,1,
44548,1,
52022,1,
52028,1,
66184,1,
67538,1,
74139,1,
74158,1,
77295,1,
77294,1,
10087371,1,
10100005,1,
stickerupn0056,1,
10100009,1,
71638,1,
10068840,1,
10068843,1,
10068844,1,
10087327,1,
10092286,1,
10100074,1,
10069881,1,
10098711,1,
stickerupn0035,1,
10101462,1,
10101463,1,
10101464,1,
10101465,1,
10101466,1,
10101457,1,
10101458,1,
10101459,1,
10101461,1,
5001335stk,1,
4711,1,
stickerupn0132,1,
170881,1,
170870,1,
169605,1,
170877,1,
stickerupn0071,1,
195375,1,
160425,1,
4113,1,
71619,1,
72546,1,
190435,1,
71632,1,
71633,1,
168175,1,
168185,1,
821435,1,
168145,1,
71451,1,
71445,1,
169645,1,
71617,1,
72651,1,
23064,1,
170874,1,
3381,1,
43658,1,
71403,1,
40328,1,
3446,1,
75012,1,
10842,1,
199540,1,
10868,1,
14405,1,
15755,1,
16380,1,
16335,1,
16439,1,
17701,1,
17635,1,
17638,1,
21326,1,
21329,1,
19842,1,
24348,1,
24060,1,
24426,1,
25494,1,
26895,1,
33990,1,
31804,1,
60467,1,
60503,1,
67027,1,
68992,1,
96456,1,
12606,1,
13029,1,
13031,1,
26310,1,
26312,1,
26322,1,
24474,1,
33391,1,
28991,1,
96457,1,
46371,1,
16050,1,
16055,1,
21065,1,
21038,1,
21053,1,
21058,1,
19563,1,
23199,1,
19570,1,
19572,1,
16441,1,
16450,1,
17604,1,
17606,1,
29677,1,
30713,1,
30823,1,
29724,1,
36832,1,
26469,1,
69933,1,
42589a,1,
67942,1,
66646,1,
66271,1,
66302,1,
69127,1,
67948,1,
79482,1,
78482,1,
78477,1,
82235,1,
10001922,1,
10001923,1,
10001924,1,
10001119,1,
10001120,1,
10001121,1,
10001123,1,
10102067,1,
10102069,1,
10102070,1,
10102072,1,
10102073,1,
89511,1,
52799,1,
52779,1,
52800,1,
53050,1,
94210,1,
47417,1,
13357,1,
12975,1,
14559,1,
14357,1,
14920,1,
16341,1,
16334,1,
16420,1,
17599,1,
16421,1,
18741,1,
21514,1,
21527,1,
21533,1,
21516,1,
28207,1,
25161,1,
26758,1,
26812,1,
26843,1,
27085,1,
30933,1,
30962,1,
33743,1,
34997,1,
36396,1,
37277,1,
36940,1,
48301,1,
50112,1,
48302,1,
64983,1,
67509,1,
77286,1,
84200,1,
78797,1,
80032,1,
10100766,1,
10103823,1,
10100764,1,
10100814,1,
10100892,1,
10100763,1,
10100770,1,
10102788,1,
10102942,1,
stickerupn0052,1,
29476,1,
68872,1,
10100688,1,
10100689,1,
10100690,1,
10101665,1,
26767,1,
26765,1,
27932,1,
24744,1,
24746,1,
24758,1,
24760,1,
30897,1,
30901,1,
49146,1,
21436,1,
21368,1,
38966,1,
38968,1,
54121,1,
60387,1,
68068,1,
40522,1,
39766,1,
65759,1,
67842,1,
49105,1,
65701,1,
13045,1,
13049,1,
14676,1,
14648,1,
14674,1,
15871,1,
15872,1,
17671,1,
17681,1,
17683,1,
19618,1,
20676,1,
21411,1,
21415,1,
21418,1,
21424,1,
20247,1,
25491,1,
25509,1,
26423,1,
27018,1,
27248,1,
34984,1,
38053,1,
38331,1,
46155,1,
49539,1,
49540,1,
66635,1,
69940,1,
69155,1,
10100596,1,
79004,1,
79705,1,
79007,1,
79003,1,
10068837,1,
10068859,1,
10087139,1,
10100342,1,
10087146,1,
10087156,1,
10100087,1,
62507,1,
63673,1,
64950,1,
64946,1,
84955,1,
73769,1,
73790,1,
79243,1,
80305,1,
10077546,1,
10077547,1,
10077560,1,
10100778,1,
10077587,1,
10077931,1,
10077559,1,
10102956,1,
86465,1,
10102965,1,
10103024,1,
10103029,1,
10103030,1,
86414,1,
85547,1,
62069,1,
59993,1,
86177,1,
66532,1,
66534,1,
72373,1,
10100639,1,
10102945,1,
10104812,1,
10100931,1,
59620,1,
78447,1,
78449,1,
78451,1,
55080,1,
56746,1,
55428,1,
56741,1,
60491,1,
61974,1,
193075,1,
62850,1,
87344,1,
86448,1,
57002,1,
57325,1,
83460,1,
190595,1,
91142,1,
93581,1,
62882,1,
55027,1,
55545,1,
56603,1,
55544,1,
56605,1,
13048,1,
14679,1,
16401,1,
58797,1,
13600,1,
14144,1,
17443,1,
17428,1,
90600,1,
91061,1,
91062,1,
95689,1,
95690,1,
94344,1,
94345,1,
59718,1,
67354,1,
67364,1,
67366,1,
69020,1,
76913,1,
88491,1,
10066310,1,
10101435,1,
10101436,1,
10101437,1,
10101438,1,
10101444,1,
75492,1,
10101533,1,
64966,1,
85153,1,
85465,1,
85164,1,
89143,1,
94130,1,
93677,1,
97556,1,
88525,1,
88526,1,
90346,1,
58391,1,
58513,1,
59199,1,
60093,1,
62013,1,
62018a,1,
62020,1,
64972,1,
57845,1,
57849,1,
57850,1,
57856,1,
61764,1,
61673,1,
61675,1,
84564,1,
84566,1,
86147,1,
86425,1,
88151,1,
88153,1,
88155,1,
89817,1,
89821,1,
71461,1,
22697,1,
86036,1,
86037,1,
23058,1,
56763,1,
58681,1,
62241,1,
62406,1,
94607,1,
22869,1,
45277,1,
45287,1,
50289,1,
46308,1,
46272,1,
54890a,1,
48617,1,
48614,1,
48615,1,
48616,1,
48824,1,
49856,1,
stickerupn0025,1,
22248,1,
22249,1,
22979,1,
41360,1,
42452,1,
stickerupn0045,1,
71987,1,
63061,1,
22953,1,
854011,1,
stickerupn0149,1,
63719,1,
51896c,1,
53102,1,
54392,1,
54391,1,
54399,1,
57272,1,
54404,1,
56628,1,
85697,1,
85674,1,
821445,1,
166285,1,
89826,1,
84682,1,
85418,1,
85653,1,
99406,1,
99407,1,
99408,1,
10100940,1,
10100941,1,
stickerupn0121,1,
58520,1,
52275,1,
71530,1,
10772,1,
10751,1,
10770,1,
75862,1,
13763,1,
10752,1,
10905,1,
10636,1,
99900,1,
10534,1,
10537,1,
75895,1,
stickerupn0053,1,
stickerupn0126,1,
stickerupn0020,1,
stickerupn0141,1,
stickerupn0142,1,
stickerupn0129,1,
40218,1,
4117693,1,
4117695,1,
stickerupn0089,1,
164635,1,
stickerupn0051,1,
3402,1,
4107188,1,
71786,1,
45536,1,
45704,1,
46159,1,
164585,1,
4250,1,
50200,1,
71989,1,
72843,1,
72607,1,
4100336,1,
71352,1,
71405,1,
40327,1,
54207,1,
54471,1,
54771,1,
199013,1,
14186,1,
4230879,1,
10102504,1,
