Tubes and Hoses,Color,Quantity
23221,1,
32199,1,
32200,1,
32201,1,
32202,1,
32235,1,
32580,1,
2630,1,
73590c02a,1,
73590c02b,1,
73590c02c,1,
73590c01a,1,
73590c03a,1,
73590c01b,1,
73590c03b,1,
14301,1,
27328,1,
27328pat0001,1,
27328pat0002,1,
758c03,1,
758c02,1,
758c01,1,
57539,1,
57539pat0004,1,
57539pat0001,1,
57539pat0003,1,
57539pat0002,1,
75c10,1,
75c11,1,
75c12,1,
75c13,1,
75c14,1,
75c15,1,
75c16,1,
75c17,1,
75c18,1,
75c19,1,
75c20,1,
75c21,1,
75c22,1,
75c23.75,1,
75c23,1,
75c24,1,
75c25,1,
75c26,1,
75c27,1,
75c28,1,
75c29,1,
75c02,1,
75c30,1,
75c31,1,
75c32,1,
75c33,1,
75c34,1,
75c36,1,
75c38,1,
75c03,1,
75c40,1,
75c43,1,
75c44,1,
75c47,1,
75c49,1,
75c04,1,
75c53,1,
75c05,1,
75c66,1,
75c06,1,
75c07,1,
75c08,1,
75c09,1,
75,1,
upn0144c12,1,
upn0144c05,1,
upn0144c07,1,
upn0144c09,1,
upn0258c10,1,
upn0258c12,1,
5102,1,
5102c01.875,1,
5102c10,1,
5102c11.25,1,
5102c12.5,1,
5102c122,1,
5102c128,1,
5102c12,1,
5102c13.75,1,
5102c13,1,
5102c14,1,
5102c15,1,
5102c16.25,1,
5102c16,1,
5102c17.5,1,
5102c17,1,
5102c18.125,1,
5102c18.75,1,
5102c18,1,
5102c195,1,
5102c19,1,
5102c02.5,1,
5102c200,1,
5102c207,1,
5102c20,1,
5102c21,1,
5102c22.5,1,
5102c23.75,1,
5102c23,1,
5102c24.375,1,
5102c24,1,
5102c250,1,
5102c25,1,
5102c26.25,1,
5102c27.5,1,
5102c27,1,
5102c28.125,1,
5102c28,1,
5102c29,1,
5102c02,1,
5102c03.125,1,
5102c03.75,1,
5102c30,1,
5102c31,1,
5102c32.5,1,
5102c32,1,
5102c33.75,1,
5102c33,1,
5102c37,1,
5102c38.75,1,
5102c38,1,
5102c39,1,
5102c03,1,
5102c04.375,1,
5102c406,1,
5102c40,1,
5102c42.5,1,
5102c42,1,
5102c43.75,1,
5102c43,1,
5102c450,1,
5102c48,1,
5102c04,1,
5102c50,1,
5102c54,1,
5102c05,1,
5102c06.25,1,
5102c06.875,1,
5102c66,1,
5102c68,1,
5102c06,1,
5102c07.5,1,
5102c75,1,
5102c76,1,
5102c07,1,
5102c08.75,1,
5102c80,1,
5102c08,1,
5102c09.375,1,
5102c09,1,
78c10,1,
78c11,1,
78c12,1,
78c13,1,
78c14,1,
78c15,1,
78c16,1,
78c17,1,
78c18,1,
78c19,1,
78c24,1,
78c26,1,
78c02,1,
78c31,1,
78c32,1,
78c03,1,
78c04,1,
78c05,1,
78c06,1,
78c07,1,
78c08,1,
78c09,1,
27965,1,
